NGÀY,GIÁ MỞ CỬA,GIÁ CAO NHẤT,GIÁ THẤP NHẤT,GIÁ ĐÓNG CỬA,THAY ĐỔI GIÁ,% THAY ĐỔI,KHỐI LƯỢNG
14/03/2025,"135,600.00","136,300.00","130,800.00","131,400.00","-5,100.00",-0.04,"16,094,000.00"
13/03/2025,"136,100.00","138,000.00","136,100.00","136,500.00",600.00,0.00,"3,610,200.00"
12/03/2025,"137,700.00","138,700.00","135,900.00","135,900.00","-1,600.00",-0.01,"6,185,000.00"
11/03/2025,"138,000.00","138,500.00","137,000.00","137,500.00","-1,800.00",-0.01,"5,784,400.00"
10/03/2025,"141,500.00","141,500.00","139,200.00","139,300.00","-2,100.00",-0.01,"5,323,000.00"
07/03/2025,"141,700.00","142,700.00","141,100.00","141,400.00",-200.00,0.00,"2,954,500.00"
06/03/2025,"139,500.00","143,500.00","139,500.00","141,600.00","2,500.00",0.02,"6,417,100.00"
05/03/2025,"140,000.00","140,100.00","139,100.00","139,100.00",-900.00,-0.01,"2,851,100.00"
04/03/2025,"139,500.00","140,600.00","139,300.00","140,000.00",-500.00,0.00,"3,471,300.00"
03/03/2025,"140,500.00","141,400.00","140,300.00","140,500.00",200.00,0.00,"2,533,900.00"
28/02/2025,"140,100.00","141,100.00","139,000.00","140,300.00","-1,000.00",-0.01,"4,694,400.00"
27/02/2025,"142,000.00","142,200.00","140,700.00","141,300.00",-500.00,0.00,"3,421,700.00"
26/02/2025,"139,100.00","141,800.00","138,900.00","141,800.00","2,800.00",0.02,"3,323,400.00"
25/02/2025,"140,400.00","140,400.00","138,200.00","139,000.00","-1,500.00",-0.01,"6,810,400.00"
24/02/2025,"142,000.00","142,000.00","139,500.00","140,500.00","-1,500.00",-0.01,"7,497,900.00"
21/02/2025,"142,800.00","142,900.00","141,500.00","142,000.00","-1,000.00",-0.01,"5,312,600.00"
20/02/2025,"144,200.00","144,600.00","143,000.00","143,000.00","-1,000.00",-0.01,"3,385,400.00"
19/02/2025,"143,900.00","144,900.00","143,100.00","144,000.00",100.00,0.00,"3,029,800.00"
18/02/2025,"143,800.00","144,400.00","143,100.00","143,900.00",300.00,0.00,"1,664,400.00"
17/02/2025,"145,000.00","145,000.00","143,400.00","143,600.00","-1,300.00",-0.01,"2,466,300.00"
14/02/2025,"144,000.00","145,000.00","143,600.00","144,900.00","1,800.00",0.01,"3,251,700.00"
13/02/2025,"145,000.00","145,000.00","142,700.00","143,100.00","-1,900.00",-0.01,"2,850,800.00"
12/02/2025,"145,600.00","145,700.00","144,300.00","145,000.00",-400.00,0.00,"1,887,400.00"
11/02/2025,"142,200.00","145,400.00","140,100.00","145,400.00","3,400.00",0.02,"5,361,400.00"
10/02/2025,"145,500.00","145,500.00","142,000.00","142,000.00","-4,100.00",-0.03,"7,749,600.00"
07/02/2025,"146,500.00","146,700.00","145,800.00","146,100.00",-400.00,0.00,"3,865,900.00"
06/02/2025,"147,000.00","147,300.00","145,600.00","146,500.00",200.00,0.00,"3,426,600.00"
05/02/2025,"146,900.00","147,500.00","145,800.00","146,300.00",100.00,0.00,"5,204,100.00"
04/02/2025,"146,000.00","147,000.00","145,300.00","146,200.00",700.00,0.00,"5,467,700.00"
03/02/2025,"148,000.00","149,200.00","145,300.00","145,500.00","-7,900.00",-0.05,"12,747,700.00"
24/01/2025,"154,100.00","154,500.00","153,400.00","153,400.00",-900.00,-0.01,"3,655,700.00"
23/01/2025,"150,100.00","156,000.00","150,000.00","154,300.00","4,600.00",0.03,"7,057,800.00"
22/01/2025,"149,600.00","150,600.00","149,200.00","149,700.00",-200.00,0.00,"2,785,600.00"
21/01/2025,"150,500.00","151,400.00","149,000.00","149,900.00",-100.00,0.00,"2,480,300.00"
20/01/2025,"149,000.00","150,400.00","148,200.00","150,000.00","1,000.00",0.01,"2,217,700.00"
17/01/2025,"146,600.00","150,100.00","146,000.00","149,000.00","2,500.00",0.02,"3,537,000.00"
16/01/2025,"146,200.00","147,000.00","145,200.00","146,500.00","1,000.00",0.01,"3,568,000.00"
15/01/2025,"146,000.00","146,500.00","144,800.00","145,500.00",400.00,0.00,"2,840,900.00"
14/01/2025,"147,600.00","148,000.00","145,100.00","145,100.00","-2,500.00",-0.02,"2,897,200.00"
13/01/2025,"146,100.00","148,500.00","144,700.00","147,600.00",300.00,0.00,"3,488,800.00"
10/01/2025,"148,800.00","149,100.00","147,200.00","147,300.00","-1,500.00",-0.01,"2,524,700.00"
09/01/2025,"148,300.00","149,200.00","148,000.00","148,800.00",500.00,0.00,"1,714,400.00"
08/01/2025,"150,000.00","150,000.00","148,100.00","148,300.00","-1,800.00",-0.01,"3,879,900.00"
07/01/2025,"149,500.00","151,300.00","149,500.00","150,100.00",800.00,0.01,"3,453,300.00"
06/01/2025,"149,100.00","150,200.00","148,400.00","149,300.00",300.00,0.00,"3,467,100.00"
03/01/2025,"151,300.00","151,300.00","149,000.00","149,000.00","-3,000.00",-0.02,"4,336,100.00"
02/01/2025,"152,500.00","152,700.00","150,100.00","152,000.00",-500.00,0.00,"3,172,800.00"
31/12/2024,"150,700.00","153,900.00","150,300.00","152,500.00","2,000.00",0.01,"3,603,200.00"
30/12/2024,"149,400.00","150,800.00","148,500.00","150,500.00",900.00,0.01,"1,982,400.00"
27/12/2024,"149,500.00","149,900.00","148,700.00","149,600.00",-200.00,0.00,"2,561,700.00"
26/12/2024,"151,000.00","151,400.00","149,100.00","149,800.00","-1,000.00",-0.01,"2,233,300.00"
25/12/2024,"150,600.00","151,200.00","150,400.00","150,800.00",400.00,0.00,"2,513,100.00"
24/12/2024,"150,000.00","150,800.00","149,400.00","150,400.00",600.00,0.00,"2,300,900.00"
23/12/2024,"149,500.00","149,900.00","148,700.00","149,800.00",300.00,0.00,"2,514,800.00"
20/12/2024,"148,500.00","150,600.00","148,300.00","149,500.00","1,400.00",0.01,"3,538,900.00"
19/12/2024,"147,300.00","149,000.00","147,200.00","148,100.00",-600.00,0.00,"4,805,200.00"
18/12/2024,"148,000.00","149,800.00","148,000.00","148,700.00",700.00,0.00,"2,923,400.00"
17/12/2024,"150,100.00","150,500.00","147,700.00","148,000.00","-1,900.00",-0.01,"5,947,500.00"
16/12/2024,"149,600.00","150,600.00","149,500.00","149,900.00",400.00,0.00,"3,291,100.00"
13/12/2024,"149,500.00","150,900.00","149,400.00","149,500.00",-700.00,0.00,"3,379,800.00"
12/12/2024,"151,900.00","151,900.00","149,200.00","150,200.00",-300.00,0.00,"4,147,900.00"
11/12/2024,"150,000.00","151,700.00","149,700.00","150,500.00","1,000.00",0.01,"4,816,600.00"
10/12/2024,"147,100.00","149,500.00","147,000.00","149,500.00","2,500.00",0.02,"3,597,200.00"
09/12/2024,"149,200.00","149,500.00","146,100.00","147,000.00","-2,500.00",-0.02,"4,539,000.00"
06/12/2024,"151,900.00","151,900.00","148,000.00","149,500.00","1,000.00",0.01,"4,541,200.00"
05/12/2024,"144,000.00","148,500.00","143,600.00","148,500.00","5,000.00",0.03,"4,849,200.00"
04/12/2024,"145,000.00","146,300.00","142,800.00","143,500.00","-1,500.00",-0.01,"5,609,100.00"
03/12/2024,"141,700.00","145,900.00","141,700.00","145,000.00","2,800.00",0.02,"5,103,700.00"
02/12/2024,"144,300.00","146,000.00","141,600.00","142,200.00","-1,100.00",-0.01,"6,616,800.00"
29/11/2024,"138,433.96","144,392.38","138,036.73","143,300.00","4,900.00",0.04,"13,487,700.00"
28/11/2024,"138,433.96","139,029.80","137,341.58","138,433.96",500.00,0.00,"7,158,700.00"
27/11/2024,"134,263.06","138,731.88","134,263.06","137,937.42","3,700.00",0.03,"13,316,300.00"
26/11/2024,"132,475.54","134,958.21","132,376.23","134,263.06","1,300.00",0.01,"4,501,100.00"
25/11/2024,"133,071.38","133,071.38","132,276.92","132,972.07",0.00,0.00,"6,637,700.00"
22/11/2024,"131,979.00","133,468.61","131,581.77","132,972.07",900.00,0.01,"5,575,900.00"
21/11/2024,"131,482.47","132,078.31","130,092.17","132,078.31",600.00,0.00,"4,329,001.00"
20/11/2024,"129,099.10","131,482.47","125,821.97","131,482.47","2,400.00",0.02,"9,620,300.00"
19/11/2024,"132,574.84","132,674.15","128,999.79","129,099.10","-4,000.00",-0.03,"9,152,800.00"
18/11/2024,"133,071.38","133,667.22","131,581.77","133,071.38",100.00,0.00,"3,993,401.00"
15/11/2024,"134,362.37","134,759.60","131,681.08","132,972.07","-2,100.00",-0.02,"6,563,600.00"
14/11/2024,"136,944.35","138,930.49","135,057.52","135,057.52","-1,800.00",-0.01,"4,911,301.00"
13/11/2024,"135,752.67","137,142.97","135,156.83","136,845.05","1,000.00",0.01,"3,625,400.00"
12/11/2024,"137,639.50","137,937.42","134,958.21","135,851.98","-1,500.00",-0.01,"2,964,700.00"
11/11/2024,"135,554.05","138,533.26","135,057.52","137,341.58","2,500.00",0.02,"5,292,000.00"
08/11/2024,"135,156.83","135,851.98","134,163.76","134,858.91",700.00,0.01,"2,106,300.00"
07/11/2024,"134,362.37","136,646.43","133,269.99","134,163.76",500.00,0.00,"4,526,500.00"
06/11/2024,"132,177.62","133,667.22","132,078.31","133,667.22","2,000.00",0.02,"1,801,500.00"
05/11/2024,"132,078.31","133,071.38","131,383.16","131,681.08",-200.00,0.00,"2,741,100.00"
04/11/2024,"133,667.22","133,667.22","131,780.39","131,879.70","-1,800.00",-0.01,"3,757,900.00"
01/11/2024,"134,064.45","134,064.45","132,674.15","133,667.22","-1,300.00",-0.01,"2,667,500.00"
31/10/2024,"134,958.21","135,057.52","134,362.37","134,958.21",0.00,0.00,"1,341,700.00"
30/10/2024,"134,461.68","134,958.21","134,263.06","134,958.21",500.00,0.00,"2,059,800.00"
29/10/2024,"134,461.68","134,560.98","133,865.84","134,461.68",500.00,0.00,"2,649,200.00"
28/10/2024,"133,170.69","134,064.45","132,674.15","133,965.14",900.00,0.01,"1,506,001.00"
25/10/2024,"133,369.30","133,667.22","132,674.15","133,071.38",-300.00,0.00,"1,839,000.00"
24/10/2024,"133,269.99","133,369.30","132,872.77","133,369.30",100.00,0.00,"2,277,201.00"
23/10/2024,"131,979.00","133,865.84","131,681.08","133,269.99","1,100.00",0.01,"3,015,101.00"
22/10/2024,"134,759.60","134,759.60","132,078.31","132,177.62","-2,400.00",-0.02,"6,174,500.00"
21/10/2024,"136,050.59","136,745.74","134,560.98","134,560.98","-1,500.00",-0.01,"2,861,300.00"
18/10/2024,"136,447.82","136,845.05","135,653.36","136,050.59",0.00,0.00,"2,169,401.00"
17/10/2024,"135,554.05","136,149.90","134,560.98","136,050.59",700.00,0.01,"3,769,200.00"
16/10/2024,"135,454.75","136,149.90","135,057.52","135,355.44",-700.00,-0.01,"2,796,001.00"
15/10/2024,"136,646.43","137,639.50","135,653.36","136,050.59",-600.00,0.00,"2,910,800.00"
14/10/2024,"140,122.18","140,320.79","136,149.90","136,646.43","-2,000.00",-0.01,"5,635,300.00"
11/10/2024,"141,015.94","141,810.40","138,632.57","138,632.57","-2,100.00",-0.01,"3,863,600.00"
10/10/2024,"134,858.91","141,015.94","134,858.91","140,718.02","6,300.00",0.05,"10,102,200.00"
09/10/2024,"133,369.30","134,858.91","133,369.30","134,461.68","1,600.00",0.01,"2,819,900.00"
08/10/2024,"133,170.69","134,163.76","132,674.15","132,872.77",-300.00,0.00,"2,108,601.00"
07/10/2024,"133,269.99","133,965.14","132,674.15","133,170.69",0.00,0.00,"1,330,500.00"
04/10/2024,"133,369.30","133,865.84","132,574.84","133,170.69",100.00,0.00,"1,468,400.00"
03/10/2024,"134,461.68","135,156.83","133,071.38","133,071.38","-1,400.00",-0.01,"2,300,800.00"
02/10/2024,"133,667.22","134,958.21","133,667.22","134,461.68",-500.00,0.00,"1,719,800.00"
01/10/2024,"133,766.53","135,256.13","133,766.53","134,958.21","1,400.00",0.01,"6,887,000.00"
30/09/2024,"133,269.99","133,567.91","132,078.31","133,567.91",300.00,0.00,"3,278,500.00"
27/09/2024,"133,369.30","133,468.61","132,574.84","133,269.99",-100.00,0.00,"3,552,800.00"
26/09/2024,"134,064.45","134,064.45","132,972.07","133,369.30",-500.00,0.00,"3,080,600.00"
25/09/2024,"133,369.30","133,865.84","132,674.15","133,865.84",300.00,0.00,"4,679,900.00"
24/09/2024,"133,071.38","133,766.53","132,773.46","133,567.91",500.00,0.00,"2,755,516.00"
23/09/2024,"134,958.21","134,958.21","132,475.54","133,071.38","-1,300.00",-0.01,"3,482,200.00"
20/09/2024,"135,355.44","136,050.59","134,064.45","134,362.37",100.00,0.00,"3,719,700.00"
19/09/2024,"134,064.45","134,858.91","133,369.30","134,263.06",600.00,0.00,"5,154,300.00"
18/09/2024,"132,475.54","134,263.06","131,979.00","133,667.22","1,700.00",0.01,"5,449,600.00"
17/09/2024,"130,290.78","131,979.00","130,290.78","131,979.00","1,800.00",0.01,"3,621,400.00"
16/09/2024,"130,886.63","132,078.31","130,191.48","130,191.48","-1,900.00",-0.01,"1,915,700.00"
13/09/2024,"131,283.85","132,475.54","131,085.24","132,078.31",700.00,0.01,"3,935,700.00"
12/09/2024,"130,092.17","131,581.77","130,092.17","131,383.16","1,700.00",0.01,"4,368,000.00"
11/09/2024,"129,099.10","130,390.09","128,900.49","129,694.94",600.00,0.00,"3,590,400.00"
10/09/2024,"130,092.17","130,092.17","128,701.87","129,099.10","-1,300.00",-0.01,"4,195,101.00"
09/09/2024,"129,893.56","130,985.93","129,198.41","130,390.09",-800.00,-0.01,"2,885,201.00"
06/09/2024,"129,595.63","131,979.00","129,397.02","131,184.55","1,500.00",0.01,"4,251,400.00"
05/09/2024,"132,078.31","132,078.31","128,801.18","129,694.94","-2,400.00",-0.02,"8,014,000.00"
04/09/2024,"132,078.31","132,078.31","130,588.70","132,078.31","-1,800.00",-0.01,"4,935,200.00"
30/08/2024,"132,574.84","133,965.14","132,078.31","133,865.84","1,100.00",0.01,"3,379,800.00"
29/08/2024,"131,879.70","132,872.77","131,283.85","132,773.46",400.00,0.00,"2,637,701.00"
28/08/2024,"132,078.31","133,567.91","131,979.00","132,376.23",800.00,0.01,"2,909,701.00"
27/08/2024,"130,588.70","131,681.08","129,496.33","131,581.77","1,000.00",0.01,"2,989,900.00"
26/08/2024,"132,376.23","132,574.84","130,588.70","130,588.70","-1,600.00",-0.01,"2,758,200.00"
23/08/2024,"132,773.46","132,773.46","131,482.47","132,177.62",-700.00,-0.01,"3,325,001.00"
22/08/2024,"133,071.38","133,567.91","132,574.84","132,872.77",300.00,0.00,"3,560,500.00"
21/08/2024,"129,694.94","132,872.77","129,694.94","132,574.84","2,000.00",0.02,"6,471,900.00"
20/08/2024,"129,794.25","131,581.77","129,794.25","130,588.70","1,000.00",0.01,"3,984,400.00"
19/08/2024,"130,191.48","130,489.40","129,099.10","129,595.63",-100.00,0.00,"2,554,862.00"
16/08/2024,"128,205.34","130,092.17","128,205.34","129,694.94","1,900.00",0.01,"5,486,600.00"
15/08/2024,"128,205.34","128,602.56","127,311.57","127,808.11",-800.00,-0.01,"2,305,600.00"
14/08/2024,"129,794.25","130,588.70","128,602.56","128,602.56",-200.00,0.00,"3,822,200.00"
13/08/2024,"128,801.18","129,297.71","127,112.96","128,801.18",-300.00,0.00,"4,362,901.00"
12/08/2024,"126,020.58","129,297.71","125,325.43","129,099.10","3,100.00",0.02,"6,775,001.00"
09/08/2024,"121,551.77","126,020.58","121,154.54","126,020.58","5,500.00",0.05,"6,011,400.00"
08/08/2024,"120,757.31","121,551.77","120,062.16","120,558.70",-600.00,0.00,"3,231,431.00"
07/08/2024,"120,161.47","121,154.54","119,367.01","121,154.54","1,200.00",0.01,"2,822,800.00"
06/08/2024,"119,168.40","121,055.23","118,969.79","119,962.86","2,200.00",0.02,"7,021,850.00"
05/08/2024,"120,260.78","122,048.30","116,586.42","117,778.10","-4,600.00",-0.04,"10,415,200.00"
02/08/2024,"121,253.85","123,935.14","120,161.47","122,346.22","-1,600.00",-0.01,"10,157,200.00"
01/08/2024,"128,701.87","128,801.18","123,239.99","123,935.14","-3,800.00",-0.03,"6,870,301.00"
31/07/2024,"126,417.81","127,708.80","125,722.66","127,708.80",600.00,0.00,"3,094,200.00"
30/07/2024,"128,106.03","128,602.56","126,119.89","127,112.96","-1,000.00",-0.01,"2,423,800.00"
29/07/2024,"129,099.10","129,694.94","128,106.03","128,106.03","1,000.00",0.01,"5,009,800.00"
26/07/2024,"125,027.51","127,112.96","123,537.91","127,112.96","3,000.00",0.02,"6,683,700.00"
25/07/2024,"123,339.29","124,630.28","123,239.99","124,133.75","-1,000.00",-0.01,"3,248,401.00"
24/07/2024,"124,630.28","125,722.66","123,140.68","125,126.82",500.00,0.00,"4,171,700.00"
23/07/2024,"124,034.44","126,616.42","123,935.14","124,630.28","1,400.00",0.01,"5,411,600.00"
22/07/2024,"125,126.82","125,126.82","122,346.22","123,239.99","-1,900.00",-0.02,"6,216,900.00"
19/07/2024,"127,708.80","128,403.95","125,126.82","125,126.82","-1,900.00",-0.01,"6,576,700.00"
18/07/2024,"130,489.40","130,489.40","126,914.35","127,013.65","-4,000.00",-0.03,"10,825,201.00"
17/07/2024,"133,071.38","133,170.69","128,999.79","130,985.93","-2,100.00",-0.02,"6,970,100.00"
16/07/2024,"132,674.15","133,567.91","131,383.16","133,071.38","1,300.00",0.01,"4,352,200.00"
15/07/2024,"132,574.84","133,865.84","131,383.16","131,780.39","-1,100.00",-0.01,"3,067,200.00"
12/07/2024,"131,283.85","135,057.52","131,283.85","132,872.77",800.00,0.01,"3,590,000.00"
11/07/2024,"133,170.69","134,461.68","131,581.77","132,078.31","-1,000.00",-0.01,"6,882,100.00"
10/07/2024,"135,057.52","136,050.59","133,071.38","133,071.38","-3,500.00",-0.03,"6,337,700.00"
09/07/2024,"138,136.04","138,334.65","135,057.52","136,547.12","-2,100.00",-0.02,"9,696,100.00"
08/07/2024,"137,540.19","138,632.57","136,547.12","138,632.57",900.00,0.01,"6,105,700.00"
05/07/2024,"135,156.83","138,731.88","135,156.83","137,738.81","2,900.00",0.02,"7,809,400.00"
04/07/2024,"131,184.55","134,858.91","131,184.55","134,858.91","4,800.00",0.04,"8,117,900.00"
03/07/2024,"129,595.63","131,879.70","129,198.41","130,092.17","3,000.00",0.02,"7,884,101.00"
02/07/2024,"127,708.80","131,184.55","126,616.42","127,112.96",-600.00,0.00,"7,560,001.00"
01/07/2024,"129,496.33","129,496.33","127,609.49","127,708.80","-1,900.00",-0.01,"6,454,000.00"
28/06/2024,"131,879.70","131,879.70","129,496.33","129,595.63","-2,300.00",-0.02,"6,633,000.00"
27/06/2024,"130,390.09","133,170.69","129,893.56","131,879.70","1,000.00",0.01,"6,527,700.00"
26/06/2024,"130,092.17","130,886.63","128,503.26","130,886.63","1,800.00",0.01,"7,221,400.00"
25/06/2024,"130,092.17","130,191.48","127,708.80","129,099.10","-2,100.00",-0.02,"14,050,143.00"
24/06/2024,"134,064.45","134,560.98","131,085.24","131,184.55","-4,000.00",-0.03,"14,390,900.00"
21/06/2024,"132,972.07","135,156.83","132,376.23","135,156.83","2,800.00",0.02,"7,653,300.00"
20/06/2024,"132,078.31","134,759.60","130,886.63","132,376.23","1,800.00",0.01,"11,060,700.00"
19/06/2024,"127,112.96","131,879.70","125,722.66","130,588.70","3,500.00",0.03,"10,269,200.00"
18/06/2024,"127,907.42","128,801.18","127,112.96","127,112.96",-800.00,-0.01,"6,936,800.00"
17/06/2024,"130,092.17","130,489.40","127,609.49","127,907.42","-2,200.00",-0.02,"4,867,600.00"
14/06/2024,"129,198.41","131,681.08","128,106.03","130,092.17","1,000.00",0.01,"6,607,200.00"
13/06/2024,"132,773.46","132,872.77","129,099.10","129,099.10","-2,000.00",-0.02,"8,676,200.00"
12/06/2024,"127,013.65","131,780.39","126,914.35","131,085.24","5,500.00",0.04,"11,215,500.00"
11/06/2024,"123,758.12","125,644.94","122,728.95","125,644.94","2,500.00",0.02,"8,418,500.00"
10/06/2024,"123,072.01","124,358.48","122,643.19","123,500.83","2,000.00",0.01,"3,775,400.00"
07/06/2024,"120,927.90","121,785.54","120,499.07","121,785.54","2,400.00",0.02,"3,976,600.00"
06/06/2024,"120,327.55","121,528.25","119,041.08","119,727.19",-500.00,0.00,"5,231,800.00"
05/06/2024,"120,070.25","124,272.71","119,812.96","120,156.02","1,000.00",0.01,"6,341,801.00"
04/06/2024,"119,212.61","119,469.90","118,183.43","119,298.37","2,200.00",0.02,"7,049,800.00"
03/06/2024,"115,782.03","118,011.91","115,524.74","117,411.55","2,300.00",0.02,"7,773,600.00"
31/05/2024,"115,782.03","117,325.79","114,752.86","115,438.97",-400.00,0.00,"2,696,600.00"
30/05/2024,"114,752.86","115,782.03","113,123.33","115,782.03",-700.00,-0.01,"7,301,300.00"
29/05/2024,"117,583.08","118,526.49","115,610.50","116,382.38","-1,300.00",-0.01,"6,107,600.00"
28/05/2024,"114,924.38","117,497.32","114,152.50","117,497.32","4,200.00",0.03,"5,419,500.00"
27/05/2024,"114,066.74","114,495.56","112,008.39","113,895.21",900.00,0.01,"6,121,100.00"
24/05/2024,"118,354.96","118,354.96","112,008.39","113,123.33","-5,600.00",-0.04,"14,134,601.00"
23/05/2024,"117,926.14","118,183.43","115,782.03","117,926.14",-500.00,0.00,"3,769,000.00"
22/05/2024,"118,269.20","119,812.96","116,725.44","118,354.96","2,000.00",0.01,"7,132,400.00"
21/05/2024,"114,924.38","116,639.67","114,495.56","116,639.67","3,000.00",0.02,"4,206,300.00"
20/05/2024,"115,953.56","116,725.44","114,066.74","114,066.74","-1,500.00",-0.01,"3,143,500.00"
17/05/2024,"116,125.09","116,639.67","114,667.09","115,353.21",-900.00,-0.01,"3,049,001.00"
16/05/2024,"116,296.62","117,754.61","115,095.91","116,125.09","1,300.00",0.01,"4,043,900.00"
15/05/2024,"112,780.27","115,353.21","112,608.74","115,010.15","3,600.00",0.03,"4,717,700.00"
14/05/2024,"111,493.81","112,951.80","111,150.75","111,922.63",800.00,0.01,"3,151,900.00"
13/05/2024,"112,608.74","112,780.27","110,464.63","111,236.51","-1,300.00",-0.01,"4,360,200.00"
10/05/2024,"112,608.74","113,380.62","110,807.69","112,351.45",700.00,0.01,"4,168,700.00"
09/05/2024,"112,008.39","113,895.21","111,493.81","111,751.10",-700.00,-0.01,"3,041,600.00"
08/05/2024,"111,579.57","112,351.45","110,893.45","112,351.45",-300.00,0.00,"3,824,500.00"
07/05/2024,"109,778.52","112,866.04","109,092.40","112,608.74","3,700.00",0.03,"3,874,168.00"
06/05/2024,"108,492.05","109,435.46","106,776.76","109,435.46","1,700.00",0.01,"2,744,600.00"
03/05/2024,"109,864.28","110,121.57","107,720.17","107,977.46","-1,400.00",-0.01,"4,665,500.00"
02/05/2024,"106,176.41","110,636.16","105,919.12","109,178.17","4,100.00",0.03,"6,888,000.00"
26/04/2024,"105,490.29","107,548.64","104,804.18","105,661.82",0.00,0.00,"6,053,000.00"
25/04/2024,"105,061.47","109,778.52","104,546.88","105,661.82","3,100.00",0.03,"9,215,500.00"
24/04/2024,"97,428.43","103,003.12","97,085.38","103,003.12","7,800.00",0.07,"10,945,700.00"
23/04/2024,"95,112.79","97,171.14","94,255.15","96,313.50","2,000.00",0.02,"4,233,700.00"
22/04/2024,"94,340.91","95,541.62","93,397.50","94,598.21","1,300.00",0.01,"2,505,218.00"
19/04/2024,"94,769.73","95,370.09","93,483.27","93,483.27","-2,800.00",-0.03,"7,851,100.00"
17/04/2024,"96,999.61","96,999.61","95,713.14","95,884.67","-1,200.00",-0.01,"2,998,100.00"
16/04/2024,"96,056.20","97,085.38","95,627.38","96,913.85","1,400.00",0.01,"4,523,200.00"
15/04/2024,"99,057.96","99,143.72","95,627.38","95,713.14","-3,900.00",-0.03,"4,289,300.00"
12/04/2024,"99,401.02","99,401.02","98,028.78","99,057.96",600.00,0.01,"1,862,520.00"
11/04/2024,"97,342.67","98,972.19","97,171.14","98,543.37","1,100.00",0.01,"1,623,300.00"
10/04/2024,"97,342.67","99,143.72","97,171.14","97,599.96",800.00,0.01,"1,982,020.00"
09/04/2024,"96,570.79","97,085.38","96,485.02","96,913.85",400.00,0.00,"1,432,500.00"
08/04/2024,"97,514.20","97,514.20","96,570.79","96,570.79","-1,100.00",-0.01,"1,952,000.00"
05/04/2024,"96,999.61","98,371.84","96,570.79","97,514.20",-300.00,0.00,"2,840,844.00"
04/04/2024,"98,629.14","99,315.25","97,771.49","97,771.49","-1,100.00",-0.01,"2,930,000.00"
03/04/2024,"99,572.54","100,344.43","98,714.90","98,714.90","-1,900.00",-0.02,"2,875,000.00"
02/04/2024,"98,972.19","100,344.43","98,972.19","100,344.43",200.00,0.00,"2,745,500.00"
01/04/2024,"99,486.78","100,859.01","98,800.66","100,172.90",300.00,0.00,"3,243,600.00"
29/03/2024,"99,829.84","100,515.95","99,486.78","99,915.60",-600.00,-0.01,"2,594,300.00"
28/03/2024,"99,401.02","100,687.48","98,886.43","100,430.19","1,900.00",0.02,"2,854,400.00"
27/03/2024,"98,371.84","98,886.43","97,857.26","98,800.66",200.00,0.00,"1,465,900.00"
26/03/2024,"97,771.49","99,057.96","97,428.43","98,629.14","1,000.00",0.01,"3,110,290.00"
25/03/2024,"97,857.26","98,714.90","97,599.96","97,771.49",-900.00,-0.01,"3,002,201.00"
22/03/2024,"99,744.07","99,744.07","98,200.31","98,543.37","-1,300.00",-0.01,"2,852,977.00"
21/03/2024,"98,800.66","99,658.31","98,286.08","99,658.31","1,700.00",0.01,"4,238,500.00"
20/03/2024,"96,313.50","98,629.14","95,284.32","98,200.31","2,500.00",0.02,"3,864,600.00"
19/03/2024,"96,913.85","96,913.85","95,284.32","96,056.20","-1,000.00",-0.01,"4,064,200.00"
18/03/2024,"99,315.25","99,315.25","95,284.32","96,913.85","-3,000.00",-0.03,"7,896,500.00"
15/03/2024,"100,172.90","100,172.90","98,200.31","99,486.78","-1,000.00",-0.01,"4,690,100.00"
14/03/2024,"101,630.89","101,630.89","99,229.49","100,344.43",0.00,0.00,"6,215,401.00"
13/03/2024,"96,742.32","100,344.43","96,056.20","100,344.43","5,100.00",0.05,"6,331,100.00"
12/03/2024,"94,340.91","97,342.67","94,340.91","95,970.44","1,900.00",0.02,"3,127,800.00"
11/03/2024,"94,340.91","97,342.67","94,340.91","94,340.91",0.00,0.00,"4,083,250.00"
08/03/2024,"95,455.85","96,570.79","93,912.09","94,340.91","-1,300.00",-0.01,"3,380,400.00"
07/03/2024,"93,569.03","97,685.73","92,797.15","95,455.85","2,200.00",0.02,"5,249,750.00"
06/03/2024,"94,340.91","94,683.97","92,968.68","93,569.03","-1,600.00",-0.01,"4,108,901.00"
05/03/2024,"95,541.62","95,541.62","94,255.15","94,941.26",-700.00,-0.01,"4,761,118.00"
04/03/2024,"95,198.56","95,884.67","95,027.03","95,541.62",600.00,0.01,"3,161,600.00"
01/03/2024,"93,654.80","95,541.62","93,569.03","95,027.03","1,800.00",0.02,"4,961,400.00"
29/02/2024,"92,797.15","93,826.33","92,368.33","93,483.27",500.00,0.00,"2,974,101.00"
28/02/2024,"92,625.62","93,054.45","91,167.63","93,054.45",600.00,0.01,"5,053,900.00"
27/02/2024,"93,054.45","93,912.09","92,111.04","92,539.86",-100.00,0.00,"4,497,200.00"
26/02/2024,"89,109.28","92,625.62","88,766.22","92,625.62","4,100.00",0.04,"4,973,700.00"
23/02/2024,"90,481.51","91,510.69","88,594.69","89,109.28",-700.00,-0.01,"5,158,040.00"
22/02/2024,"90,824.57","90,910.33","89,709.63","89,709.63","-1,300.00",-0.01,"2,268,064.00"
21/02/2024,"89,195.04","91,682.21","88,766.22","90,824.57","1,600.00",0.02,"3,905,800.00"
20/02/2024,"90,224.22","90,224.22","89,195.04","89,452.34",-700.00,-0.01,"3,884,300.00"
19/02/2024,"90,481.51","91,767.98","90,052.69","90,052.69",-100.00,0.00,"2,968,100.00"
16/02/2024,"89,195.04","90,138.45","89,023.52","90,138.45","1,100.00",0.01,"2,358,100.00"
15/02/2024,"90,224.22","90,481.51","89,023.52","89,195.04",-900.00,-0.01,"3,495,620.00"
07/02/2024,"89,795.40","90,052.69","89,109.28","89,966.92",800.00,0.01,"2,425,900.00"
06/02/2024,"88,851.99","90,052.69","88,251.64","89,280.81",600.00,0.01,"3,613,900.00"
05/02/2024,"87,479.76","89,280.81","87,393.99","88,766.22","1,500.00",0.01,"3,219,900.00"
02/02/2024,"85,935.99","87,651.28","85,850.23","87,479.76","2,100.00",0.02,"3,848,500.00"
01/02/2024,"82,248.12","85,678.70","82,076.59","85,678.70","4,200.00",0.04,"8,223,100.00"
31/01/2024,"81,990.83","82,333.89","81,905.06","82,076.59",100.00,0.00,"2,334,396.00"
30/01/2024,"82,248.12","82,248.12","81,819.30","81,990.83",-300.00,0.00,"1,276,438.00"
29/01/2024,"82,248.12","82,419.65","81,733.54","82,248.12",0.00,0.00,"2,876,500.00"
26/01/2024,"81,905.06","82,505.42","81,733.54","82,248.12",800.00,0.01,"1,470,430.00"
25/01/2024,"81,562.01","82,076.59","81,304.71","81,562.01",100.00,0.00,"1,502,000.00"
24/01/2024,"82,162.36","82,162.36","81,390.48","81,476.24",-600.00,-0.01,"2,664,800.00"
23/01/2024,"82,419.65","82,676.95","81,819.30","81,990.83",-800.00,-0.01,"4,161,710.00"
22/01/2024,"83,020.00","83,020.00","82,162.36","82,676.95",100.00,0.00,"1,221,800.00"
19/01/2024,"82,333.89","83,105.77","82,076.59","82,591.18",700.00,0.01,"2,139,400.00"
18/01/2024,"82,076.59","82,333.89","81,647.77","81,990.83",-100.00,0.00,"1,628,300.00"
17/01/2024,"81,990.83","82,333.89","81,476.24","82,076.59",0.00,0.00,"2,068,500.00"
16/01/2024,"81,218.95","82,076.59","81,218.95","82,076.59",300.00,0.00,"1,191,900.00"
15/01/2024,"81,476.24","82,248.12","81,390.48","81,819.30",700.00,0.01,"2,107,979.00"
12/01/2024,"81,304.71","81,990.83","80,704.36","81,218.95",-300.00,0.00,"2,737,500.00"
11/01/2024,"81,218.95","81,819.30","81,218.95","81,476.24",300.00,0.00,"1,572,400.00"
10/01/2024,"82,934.24","83,105.77","81,047.42","81,218.95","-1,900.00",-0.02,"3,810,000.00"
09/01/2024,"83,448.83","83,448.83","82,848.47","82,848.47",-700.00,-0.01,"1,815,000.00"
08/01/2024,"83,534.59","84,306.47","83,277.30","83,448.83",-100.00,0.00,"1,553,400.00"
05/01/2024,"83,448.83","83,620.35","82,762.71","83,534.59",200.00,0.00,"1,501,300.00"
04/01/2024,"82,591.18","84,392.23","82,505.42","83,363.06",900.00,0.01,"3,000,600.00"
03/01/2024,"81,990.83","82,762.71","81,819.30","82,591.18",400.00,0.00,"1,558,900.00"
02/01/2024,"83,105.77","83,105.77","82,076.59","82,248.12",-200.00,0.00,"2,217,777.00"
29/12/2023,"82,848.47","83,191.53","82,419.65","82,419.65",-500.00,-0.01,"2,439,525.00"
28/12/2023,"83,191.53","83,191.53","82,591.18","82,848.47",-300.00,0.00,"1,591,200.00"
27/12/2023,"83,534.59","83,877.65","83,105.77","83,105.77",-300.00,0.00,"2,291,700.00"
26/12/2023,"82,762.71","84,563.76","82,676.95","83,363.06","1,200.00",0.01,"4,289,901.00"
25/12/2023,"81,390.48","82,505.42","81,304.71","82,333.89","1,400.00",0.01,"2,739,800.00"
22/12/2023,"81,476.24","81,562.01","80,961.66","81,133.18",-500.00,-0.01,"1,721,300.00"
21/12/2023,"81,133.18","81,562.01","80,618.60","81,562.01",400.00,0.00,"1,982,242.00"
20/12/2023,"80,875.89","81,476.24","80,704.36","81,218.95",100.00,0.00,"5,016,500.00"
19/12/2023,"80,532.83","81,133.18","80,275.54","81,133.18",600.00,0.01,"2,161,323.00"
18/12/2023,"82,248.12","82,505.42","80,361.30","80,618.60","-2,200.00",-0.02,"6,559,900.00"
15/12/2023,"82,505.42","82,591.18","81,476.24","82,505.42",0.00,0.00,"2,389,401.00"
14/12/2023,"82,162.36","82,676.95","81,647.77","82,505.42","1,000.00",0.01,"6,126,836.00"
13/12/2023,"83,534.59","83,534.59","81,647.77","81,647.77","-1,600.00",-0.02,"4,693,469.00"
12/12/2023,"81,819.30","83,020.00","81,733.54","83,020.00","1,800.00",0.02,"5,303,088.00"
11/12/2023,"81,905.06","82,076.59","81,133.18","81,476.24",800.00,0.01,"1,821,800.00"
08/12/2023,"80,875.89","81,562.01","80,189.78","80,790.13",-100.00,0.00,"1,964,170.00"
07/12/2023,"81,562.01","81,733.54","79,589.42","80,875.89",-700.00,-0.01,"5,040,930.00"
06/12/2023,"81,476.24","81,819.30","80,704.36","81,476.24",200.00,0.00,"2,106,100.00"
05/12/2023,"80,447.07","82,162.36","80,361.30","81,304.71","1,200.00",0.01,"3,671,700.00"
04/12/2023,"79,417.90","80,618.60","79,417.90","80,275.54","1,200.00",0.01,"3,676,403.00"
01/12/2023,"79,074.84","79,675.19","78,302.96","79,246.37",500.00,0.01,"1,875,317.00"
30/11/2023,"78,388.72","80,361.30","78,302.96","78,817.54",200.00,0.00,"2,850,100.00"
29/11/2023,"78,560.25","78,903.31","78,131.43","78,646.02",600.00,0.01,"934,800.00"
28/11/2023,"77,874.14","78,817.54","77,102.25","78,131.43",400.00,0.00,"3,038,800.00"
27/11/2023,"78,388.72","78,388.72","77,273.78","77,788.37",-500.00,-0.01,"2,181,800.00"
24/11/2023,"77,874.14","78,903.31","77,359.55","78,217.19",400.00,0.00,"2,500,900.00"
23/11/2023,"80,018.25","80,361.30","77,874.14","77,874.14","-2,200.00",-0.02,"2,631,500.00"
22/11/2023,"78,817.54","79,846.72","78,817.54","79,760.95","1,100.00",0.01,"3,394,300.00"
21/11/2023,"78,903.31","78,903.31","77,788.37","78,817.54","1,200.00",0.01,"1,653,400.00"
20/11/2023,"77,273.78","79,417.90","76,416.14","77,788.37",-300.00,0.00,"2,214,600.00"
17/11/2023,"80,104.01","80,189.78","77,702.61","78,045.66","-2,000.00",-0.02,"3,851,300.00"
16/11/2023,"79,074.84","79,760.95","78,560.25","79,760.95",600.00,0.01,"2,456,401.00"
15/11/2023,"80,361.30","80,447.07","78,903.31","79,246.37",-200.00,0.00,"2,949,301.00"
14/11/2023,"78,903.31","80,104.01","78,302.96","79,417.90","1,200.00",0.01,"2,228,300.00"
13/11/2023,"78,560.25","78,903.31","77,616.84","78,388.72",-100.00,0.00,"2,009,500.00"
10/11/2023,"78,474.49","79,503.66","78,302.96","78,474.49","-1,000.00",-0.01,"2,952,801.00"
09/11/2023,"78,903.31","80,018.25","78,731.78","79,332.13",-100.00,0.00,"3,010,800.00"
08/11/2023,"75,644.26","79,417.90","75,472.73","79,417.90","4,300.00",0.05,"4,161,100.00"
07/11/2023,"75,901.55","76,158.85","75,386.97","75,730.02",-200.00,0.00,"1,340,200.00"
06/11/2023,"75,644.26","76,244.61","75,301.20","75,901.55","1,500.00",0.02,"1,996,075.00"
03/11/2023,"76,330.37","76,501.90","74,615.09","74,615.09","-2,000.00",-0.02,"5,449,105.00"
02/11/2023,"74,100.50","76,330.37","73,671.68","76,330.37","3,600.00",0.04,"3,739,300.00"
01/11/2023,"72,299.44","73,242.85","70,841.45","73,242.85","2,400.00",0.03,"5,052,501.00"
31/10/2023,"72,985.56","73,157.09","71,184.51","71,184.51","-2,000.00",-0.02,"3,087,200.00"
30/10/2023,"74,615.09","74,700.85","72,899.80","72,899.80","-2,000.00",-0.02,"1,987,300.00"
27/10/2023,"75,043.91","75,472.73","74,014.73","74,615.09",200.00,0.00,"2,474,800.00"
26/10/2023,"75,730.02","77,102.25","73,757.44","74,443.56","-4,100.00",-0.05,"6,098,925.00"
25/10/2023,"78,731.78","79,503.66","77,959.90","77,959.90","-1,100.00",-0.01,"2,570,700.00"
24/10/2023,"79,246.37","79,246.37","77,874.14","78,903.31","1,000.00",0.01,"2,700,704.00"
23/10/2023,"80,447.07","80,447.07","77,874.14","78,045.66","-1,900.00",-0.02,"3,049,502.00"
20/10/2023,"79,332.13","79,760.95","77,273.78","79,675.19",900.00,0.01,"3,868,475.00"
19/10/2023,"80,618.60","80,875.89","78,903.31","78,903.31","-1,000.00",-0.01,"6,001,577.00"
18/10/2023,"81,390.48","81,390.48","78,045.66","79,760.95",-100.00,0.00,"7,902,700.00"
17/10/2023,"83,877.65","83,877.65","79,846.72","79,846.72","-3,700.00",-0.04,"2,743,400.00"
16/10/2023,"83,020.00","84,821.06","82,591.18","83,020.00",700.00,0.01,"6,972,400.00"
13/10/2023,"82,333.89","82,591.18","81,733.54","82,419.65",-300.00,0.00,"2,970,000.00"
12/10/2023,"83,191.53","83,877.65","82,333.89","82,676.95",-600.00,-0.01,"2,199,300.00"
11/10/2023,"82,248.12","84,049.18","82,248.12","83,191.53",700.00,0.01,"2,921,800.00"
10/10/2023,"82,762.71","83,363.06","81,819.30","82,591.18",700.00,0.01,"5,808,100.00"
09/10/2023,"79,246.37","81,990.83","79,074.84","81,990.83","2,900.00",0.03,"4,974,000.00"
06/10/2023,"78,474.49","79,589.42","78,045.66","79,503.66","1,100.00",0.01,"1,339,600.00"
05/10/2023,"79,589.42","80,018.25","78,560.25","78,560.25",-900.00,-0.01,"1,479,100.00"
04/10/2023,"78,302.96","80,104.01","78,302.96","79,332.13",300.00,0.00,"2,708,201.00"
03/10/2023,"79,074.84","80,189.78","78,474.49","79,074.84","-1,000.00",-0.01,"2,848,600.00"
02/10/2023,"80,104.01","80,447.07","78,903.31","79,932.48",400.00,0.00,"1,588,140.00"
29/09/2023,"80,618.60","81,390.48","79,589.42","79,589.42","-1,200.00",-0.01,"3,432,000.00"
28/09/2023,"80,704.36","80,875.89","78,388.72","80,618.60",-300.00,0.00,"2,106,800.00"
27/09/2023,"80,532.83","80,875.89","77,531.08","80,875.89",800.00,0.01,"5,200,401.00"
26/09/2023,"80,790.13","81,905.06","79,846.72","80,189.78",-800.00,-0.01,"2,568,000.00"
25/09/2023,"83,191.53","83,706.12","80,875.89","80,875.89","-2,400.00",-0.02,"3,150,980.00"
22/09/2023,"81,562.01","83,191.53","79,417.90","82,934.24",-100.00,0.00,"7,808,600.00"
21/09/2023,"84,478.00","84,821.06","82,591.18","83,020.00","-1,700.00",-0.02,"4,477,900.00"
20/09/2023,"84,735.29","85,507.17","84,478.00","84,478.00",100.00,0.00,"2,663,500.00"
19/09/2023,"83,020.00","84,392.23","82,248.12","84,392.23","1,500.00",0.02,"4,395,800.00"
18/09/2023,"83,105.77","83,105.77","82,076.59","83,105.77",-600.00,-0.01,"2,649,500.00"
15/09/2023,"82,333.89","83,877.65","81,733.54","83,620.35","1,600.00",0.02,"2,803,000.00"
14/09/2023,"84,049.18","84,049.18","81,905.06","82,248.12","-2,100.00",-0.02,"3,184,700.00"
13/09/2023,"84,821.06","84,906.82","83,534.59","84,049.18",-900.00,-0.01,"4,776,120.00"
12/09/2023,"83,534.59","84,821.06","83,534.59","84,821.06","1,500.00",0.02,"4,011,513.00"
11/09/2023,"84,649.53","85,335.64","81,733.54","83,534.59",-200.00,0.00,"5,879,810.00"
08/09/2023,"83,620.35","84,478.00","83,191.53","83,706.12",-300.00,0.00,"2,635,599.00"
07/09/2023,"84,906.82","86,450.58","83,706.12","83,963.41","-1,100.00",-0.01,"3,641,101.00"
06/09/2023,"83,277.30","84,906.82","82,591.18","84,906.82","2,200.00",0.02,"2,736,401.00"
05/09/2023,"83,277.30","84,649.53","83,020.00","83,020.00",100.00,0.00,"1,993,601.00"
31/08/2023,"82,848.47","83,620.35","82,419.65","82,934.24",100.00,0.00,"1,643,700.00"
30/08/2023,"79,932.48","84,220.71","79,846.72","82,848.47","3,000.00",0.03,"3,211,100.00"
29/08/2023,"80,618.60","80,618.60","79,589.42","80,275.54",-400.00,0.00,"3,566,800.00"
28/08/2023,"78,903.31","80,875.89","78,045.66","80,618.60","3,400.00",0.04,"3,564,701.00"
25/08/2023,"76,759.20","78,045.66","76,416.14","77,702.61",600.00,0.01,"3,681,400.00"
24/08/2023,"73,328.62","77,273.78","72,985.56","77,188.02","4,500.00",0.05,"6,307,803.00"
23/08/2023,"73,243.85","73,582.94","71,802.70","73,328.62",0.00,0.00,"5,362,503.00"
22/08/2023,"73,159.07","73,328.62","70,361.56","73,328.62",600.00,0.01,"3,814,024.00"
21/08/2023,"72,819.98","73,498.16","72,480.89","72,819.98",400.00,0.00,"3,730,218.00"
18/08/2023,"72,565.66","74,515.44","71,463.61","72,480.89",-500.00,-0.01,"4,283,705.00"
17/08/2023,"72,057.02","73,922.03","72,057.02","72,904.75",900.00,0.01,"4,283,009.00"
16/08/2023,"70,531.11","72,226.57","70,531.11","72,141.80","1,100.00",0.01,"4,205,408.00"
15/08/2023,"70,022.47","71,463.61","69,089.97","71,209.29","1,400.00",0.02,"1,715,612.00"
14/08/2023,"69,598.61","70,531.11","69,513.83","70,022.47",600.00,0.01,"1,014,109.00"
11/08/2023,"69,513.83","70,361.56","69,089.97","69,513.83",-200.00,0.00,"1,283,362.00"
10/08/2023,"70,446.34","70,615.88","69,683.38","69,683.38",-900.00,-0.01,"1,393,330.00"
09/08/2023,"71,209.29","71,802.70","70,361.56","70,446.34","-1,100.00",-0.01,"1,472,034.00"
08/08/2023,"71,209.29","71,717.93","71,039.75","71,378.84",-300.00,0.00,"905,718.00"
07/08/2023,"70,870.20","71,633.16","70,615.88","71,633.16","1,200.00",0.01,"752,518.00"
04/08/2023,"71,209.29","71,633.16","70,615.88","70,615.88",-400.00,0.00,"2,507,826.00"
03/08/2023,"71,039.75","71,378.84","70,276.79","70,954.98",200.00,0.00,"1,007,918.00"
02/08/2023,"71,633.16","71,887.48","70,785.43","70,785.43","-1,000.00",-0.01,"1,716,535.00"
01/08/2023,"72,565.66","73,159.07","71,633.16","71,633.16","-1,100.00",-0.01,"1,437,315.00"
31/07/2023,"71,802.70","72,735.21","71,548.39","72,565.66","1,200.00",0.01,"1,512,327.00"
28/07/2023,"70,785.43","71,548.39","70,446.34","71,548.39",700.00,0.01,"898,421.00"
27/07/2023,"70,192.02","71,548.39","70,192.02","70,954.98","1,000.00",0.01,"1,779,013.00"
26/07/2023,"68,835.65","70,107.25","68,750.88","70,107.25","1,400.00",0.02,"1,392,252.00"
25/07/2023,"68,666.11","69,683.38","68,666.11","68,920.42",300.00,0.00,"1,472,214.00"
24/07/2023,"68,666.11","68,920.42","68,327.01","68,666.11",0.00,0.00,"6,189,824.00"
21/07/2023,"67,564.06","68,666.11","67,479.28","68,666.11",700.00,0.01,"1,373,625.00"
20/07/2023,"66,631.55","68,920.42","66,546.78","68,072.69","1,800.00",0.02,"2,334,307.00"
19/07/2023,"66,546.78","66,885.87","66,377.23","66,546.78",-200.00,0.00,"951,900.00"
18/07/2023,"66,970.65","66,970.65","66,207.69","66,716.33",-300.00,0.00,"1,677,400.00"
17/07/2023,"66,970.65","67,140.19","66,546.78","66,970.65",700.00,0.01,"1,247,301.00"
14/07/2023,"65,190.41","66,377.23","64,512.23","66,377.23","2,500.00",0.03,"2,822,800.00"
13/07/2023,"64,257.91","64,257.91","63,918.82","64,257.91",500.00,0.01,"1,354,889.00"
12/07/2023,"63,579.73","64,173.14","63,494.95","63,834.05",300.00,0.00,"1,084,900.00"
11/07/2023,"63,834.05","63,918.82","63,579.73","63,579.73",-300.00,0.00,"2,060,202.00"
10/07/2023,"63,834.05","64,342.68","63,494.95","63,834.05",0.00,0.00,"1,470,300.00"
07/07/2023,"62,901.54","64,003.59","62,901.54","63,834.05",700.00,0.01,"1,168,700.00"
06/07/2023,"63,410.18","63,749.27","62,732.00","63,240.64",-200.00,0.00,"1,801,900.00"
05/07/2023,"63,664.50","64,851.32","63,410.18","63,410.18",0.00,0.00,"2,510,220.00"
04/07/2023,"62,958.23","63,395.44","62,812.49","63,395.44",600.00,0.01,"1,328,101.00"
03/07/2023,"63,031.10","63,249.70","62,666.75","62,958.23",400.00,0.00,"1,444,151.00"
30/06/2023,"63,031.10","63,103.96","62,666.75","62,666.75",-500.00,-0.01,"1,193,500.00"
29/06/2023,"63,395.44","63,468.31","63,031.10","63,031.10",-500.00,-0.01,"1,277,100.00"
28/06/2023,"63,686.91","63,978.38","63,395.44","63,395.44",-300.00,0.00,"1,281,800.00"
27/06/2023,"62,666.75","63,614.04","62,666.75","63,614.04","1,500.00",0.02,"1,737,800.00"
26/06/2023,"62,010.94","62,521.02","61,646.60","62,521.02",700.00,0.01,"1,739,803.00"
23/06/2023,"62,375.28","62,375.28","61,792.33","62,010.94",-400.00,0.00,"1,556,800.00"
22/06/2023,"62,739.62","63,031.10","61,719.47","62,302.41",-300.00,0.00,"1,019,700.00"
21/06/2023,"62,302.41","62,958.23","62,229.54","62,521.02",300.00,0.00,"2,665,254.00"
20/06/2023,"61,938.07","62,521.02","61,719.47","62,302.41",800.00,0.01,"1,566,300.00"
19/06/2023,"61,719.47","62,302.41","61,573.73","61,719.47",200.00,0.00,"733,200.00"
16/06/2023,"61,282.26","62,812.49","60,772.18","61,573.73",400.00,0.00,"2,431,500.00"
15/06/2023,"61,355.12","61,500.86","60,917.91","61,282.26",-100.00,0.00,"818,600.00"
14/06/2023,"61,427.99","61,792.33","61,282.26","61,355.12",-200.00,0.00,"808,600.00"
13/06/2023,"61,500.86","61,865.20","61,427.99","61,500.86",-500.00,-0.01,"1,039,101.00"
12/06/2023,"61,573.73","61,865.20","60,917.91","61,865.20",300.00,0.00,"745,700.00"
09/06/2023,"61,427.99","61,719.47","60,990.78","61,646.60","1,000.00",0.01,"953,600.00"
08/06/2023,"61,719.47","61,865.20","60,845.05","60,917.91","-1,400.00",-0.02,"1,897,080.00"
07/06/2023,"61,938.07","62,229.54","61,427.99","61,938.07",-300.00,0.00,"1,281,946.00"
06/06/2023,"62,156.68","62,156.68","61,719.47","62,156.68",300.00,0.00,"514,000.00"
05/06/2023,"61,136.52","62,083.81","61,063.65","61,938.07","1,200.00",0.01,"1,725,300.00"
02/06/2023,"60,845.05","61,427.99","60,553.57","61,063.65",300.00,0.00,"735,900.00"
01/06/2023,"61,209.39","61,209.39","60,553.57","60,845.05",-600.00,-0.01,"1,127,300.00"
31/05/2023,"61,355.12","61,355.12","60,553.57","61,282.26",100.00,0.00,"839,400.00"
30/05/2023,"60,480.71","61,865.20","60,407.84","61,209.39",900.00,0.01,"5,462,000.00"
29/05/2023,"60,845.05","60,990.78","60,407.84","60,553.57",0.00,0.00,"879,600.00"
26/05/2023,"60,553.57","60,772.18","59,970.63","60,553.57",-100.00,0.00,"1,410,400.00"
25/05/2023,"59,169.08","60,772.18","59,023.34","60,626.44","1,900.00",0.02,"1,391,300.00"
24/05/2023,"59,752.02","59,824.89","59,096.21","59,241.94",-700.00,-0.01,"464,300.00"
23/05/2023,"60,116.36","60,116.36","59,314.81","59,752.02",-500.00,-0.01,"1,144,100.00"
22/05/2023,"60,334.97","60,334.97","59,752.02","60,116.36",-300.00,0.00,"599,000.00"
19/05/2023,"60,480.71","60,699.31","59,606.29","60,334.97",-100.00,0.00,"2,054,000.00"
18/05/2023,"59,606.29","60,480.71","59,314.81","60,407.84","1,400.00",0.02,"1,549,800.00"
17/05/2023,"59,679.15","60,262.10","59,096.21","59,387.68",0.00,0.00,"1,361,200.00"
16/05/2023,"59,023.34","59,533.42","58,877.60","59,387.68",500.00,0.01,"1,370,384.00"
15/05/2023,"59,314.81","59,606.29","58,877.60","59,023.34",500.00,0.01,"1,399,701.00"
12/05/2023,"57,784.58","58,731.87","57,420.24","58,659.00","1,400.00",0.02,"1,243,100.00"
11/05/2023,"57,638.84","58,003.18","57,565.97","57,638.84",100.00,0.00,"501,000.00"
10/05/2023,"57,565.97","58,003.18","57,565.97","57,565.97",100.00,0.00,"632,500.00"
09/05/2023,"57,274.50","58,148.92","57,274.50","57,493.10",400.00,0.01,"605,900.00"
08/05/2023,"57,201.63","57,493.10","57,128.76","57,201.63",100.00,0.00,"812,901.00"
05/05/2023,"57,274.50","57,274.50","56,983.03","57,128.76",-100.00,0.00,"319,200.00"
04/05/2023,"56,691.55","57,347.37","56,545.82","57,201.63","1,000.00",0.01,"2,423,868.00"
28/04/2023,"57,420.24","57,420.24","56,472.95","56,472.95",-800.00,-0.01,"956,002.00"
27/04/2023,"56,910.16","57,420.24","56,910.16","57,055.89",0.00,0.00,"221,000.00"
26/04/2023,"56,910.16","57,128.76","56,545.82","57,055.89",-100.00,0.00,"1,290,700.00"
25/04/2023,"57,638.84","57,784.58","57,055.89","57,128.76",-700.00,-0.01,"957,240.00"
24/04/2023,"57,930.31","58,731.87","57,565.97","57,638.84",-200.00,0.00,"794,500.00"
21/04/2023,"58,294.66","58,294.66","57,784.58","57,784.58",-100.00,0.00,"383,200.00"
20/04/2023,"58,148.92","58,148.92","57,711.71","57,857.45",100.00,0.00,"364,400.00"
19/04/2023,"58,148.92","58,148.92","57,784.58","57,784.58",-100.00,0.00,"419,800.00"
18/04/2023,"58,003.18","58,294.66","57,711.71","57,857.45",-200.00,0.00,"332,900.00"
17/04/2023,"58,003.18","58,076.05","57,565.97","58,003.18",0.00,0.00,"623,120.00"
14/04/2023,"58,221.79","58,367.52","57,784.58","58,003.18",0.00,0.00,"562,500.00"
13/04/2023,"58,513.26","58,586.13","57,784.58","58,003.18",-700.00,-0.01,"560,500.00"
12/04/2023,"58,513.26","58,659.00","58,221.79","58,513.26",0.00,0.00,"638,204.00"
11/04/2023,"58,440.39","58,659.00","58,367.52","58,513.26",0.00,0.00,"534,000.00"
10/04/2023,"59,023.34","59,023.34","58,367.52","58,513.26",-200.00,0.00,"769,800.00"
07/04/2023,"58,440.39","58,804.73","58,294.66","58,659.00",200.00,0.00,"4,318,378.00"
06/04/2023,"58,804.73","59,387.68","58,513.26","58,513.26",-300.00,0.00,"632,912.00"
05/04/2023,"58,659.00","58,731.87","58,076.05","58,731.87",100.00,0.00,"422,000.00"
04/04/2023,"58,950.47","59,023.34","58,294.66","58,659.00",-400.00,0.00,"584,600.00"
03/04/2023,"57,857.45","58,950.47","57,638.84","58,950.47","1,800.00",0.02,"1,190,200.00"
31/03/2023,"57,638.84","57,930.31","57,565.97","57,638.84",0.00,0.00,"1,713,600.00"
30/03/2023,"57,565.97","57,784.58","57,420.24","57,638.84",100.00,0.00,"968,200.00"
29/03/2023,"57,711.71","57,784.58","57,274.50","57,565.97",-200.00,0.00,"850,300.00"
28/03/2023,"57,711.71","57,711.71","56,472.95","57,711.71",100.00,0.00,"1,611,200.00"
27/03/2023,"57,493.10","57,711.71","57,201.63","57,638.84",500.00,0.01,"1,058,280.00"
24/03/2023,"57,055.89","57,420.24","56,837.29","57,274.50",600.00,0.01,"390,700.00"
23/03/2023,"57,128.76","57,201.63","56,545.82","56,837.29",-500.00,-0.01,"456,600.00"
22/03/2023,"56,983.03","57,274.50","56,545.82","57,201.63",400.00,0.01,"962,540.00"
21/03/2023,"57,274.50","57,347.37","56,181.47","56,910.16",500.00,0.01,"959,474.00"
20/03/2023,"57,638.84","57,784.58","56,545.82","56,545.82","-1,400.00",-0.02,"1,416,944.00"
17/03/2023,"58,003.18","58,294.66","57,274.50","57,565.97",-200.00,0.00,"429,400.00"
16/03/2023,"58,294.66","58,294.66","57,128.76","57,711.71","-1,300.00",-0.02,"1,202,200.00"
15/03/2023,"57,638.84","58,659.00","57,638.84","58,659.00","1,800.00",0.02,"1,280,200.00"
14/03/2023,"57,565.97","57,638.84","57,201.63","57,347.37",-200.00,0.00,"697,400.00"
13/03/2023,"56,910.16","57,857.45","56,910.16","57,493.10",-600.00,-0.01,"886,500.00"
10/03/2023,"58,440.39","58,586.13","57,565.97","57,930.31","-1,100.00",-0.01,"640,900.00"
09/03/2023,"57,930.31","58,804.73","57,711.71","58,731.87","1,100.00",0.01,"1,273,200.00"
08/03/2023,"57,201.63","57,930.31","57,201.63","57,930.31",700.00,0.01,"1,075,100.00"
07/03/2023,"57,638.84","58,221.79","57,420.24","57,420.24",600.00,0.01,"900,900.00"
06/03/2023,"56,910.16","58,148.92","56,910.16","56,983.03",-300.00,0.00,"845,200.00"
03/03/2023,"57,784.58","58,294.66","57,201.63","57,201.63","-1,500.00",-0.02,"740,800.00"
02/03/2023,"58,294.66","58,659.00","58,148.92","58,294.66",-500.00,-0.01,"1,697,083.00"
01/03/2023,"57,930.31","58,659.00","57,347.37","58,659.00",0.00,0.00,"1,487,800.00"
28/02/2023,"58,294.66","58,804.73","57,930.31","58,659.00",200.00,0.00,"962,900.00"
27/02/2023,"58,294.66","58,659.00","58,221.79","58,513.26",-500.00,-0.01,"1,085,400.00"
24/02/2023,"59,096.21","59,241.94","58,586.13","58,877.60",-600.00,-0.01,"870,900.00"
23/02/2023,"59,533.42","59,533.42","58,731.87","59,314.81",-400.00,0.00,"10,509,860.00"
22/02/2023,"59,970.63","60,116.36","59,606.29","59,606.29","-1,000.00",-0.01,"1,047,200.00"
21/02/2023,"60,334.97","60,990.78","60,189.23","60,334.97",0.00,0.00,"840,000.00"
20/02/2023,"59,460.55","60,480.71","59,314.81","60,334.97","1,200.00",0.01,"1,729,900.00"
17/02/2023,"59,169.08","59,460.55","59,023.34","59,460.55",0.00,0.00,"547,600.00"
16/02/2023,"59,460.55","59,752.02","58,804.73","59,460.55",0.00,0.00,"424,200.00"
15/02/2023,"58,659.00","59,679.15","58,513.26","59,460.55",800.00,0.01,"5,050,600.00"
14/02/2023,"58,804.73","59,023.34","58,440.39","58,877.60",100.00,0.00,"785,777.00"
13/02/2023,"58,804.73","59,169.08","58,294.66","58,804.73",0.00,0.00,"2,110,700.00"
10/02/2023,"59,096.21","59,169.08","58,659.00","58,804.73",0.00,0.00,"2,671,824.00"
09/02/2023,"59,023.34","59,460.55","58,804.73","58,804.73",-500.00,-0.01,"3,490,500.00"
08/02/2023,"58,877.60","59,533.42","58,731.87","59,169.08",500.00,0.01,"891,600.00"
07/02/2023,"58,659.00","59,679.15","58,659.00","58,804.73",200.00,0.00,"814,700.00"
06/02/2023,"58,294.66","59,460.55","58,076.05","58,659.00",400.00,0.00,"1,015,724.00"
03/02/2023,"59,752.02","59,752.02","58,367.52","58,367.52","-1,800.00",-0.02,"1,980,900.00"
02/02/2023,"59,824.89","60,043.50","59,241.94","59,679.15",-100.00,0.00,"2,256,000.00"
01/02/2023,"61,209.39","61,209.39","59,606.29","59,752.02","-1,500.00",-0.02,"1,068,300.00"
31/01/2023,"60,845.05","60,990.78","59,533.42","60,845.05",-200.00,0.00,"1,724,400.00"
30/01/2023,"61,355.12","61,500.86","60,990.78","60,990.78",-300.00,0.00,"914,900.00"
27/01/2023,"61,282.26","62,302.41","61,209.39","61,209.39",100.00,0.00,"1,181,700.00"
19/01/2023,"60,480.71","61,355.12","60,407.84","61,136.52",500.00,0.01,"1,521,136.00"
18/01/2023,"59,824.89","60,772.18","59,606.29","60,772.18","1,400.00",0.02,"1,106,900.00"
17/01/2023,"59,169.08","59,752.02","59,023.34","59,752.02","1,200.00",0.01,"1,082,800.00"
16/01/2023,"58,367.52","59,023.34","58,076.05","58,877.60",800.00,0.01,"574,500.00"
13/01/2023,"58,659.00","59,169.08","58,294.66","58,294.66",-700.00,-0.01,"999,000.00"
12/01/2023,"59,023.34","59,387.68","58,440.39","58,804.73",-200.00,0.00,"572,500.00"
11/01/2023,"58,586.13","59,460.55","58,586.13","58,950.47",500.00,0.01,"1,076,900.00"
10/01/2023,"58,804.73","59,241.94","58,440.39","58,586.13",100.00,0.00,"4,045,000.00"
09/01/2023,"58,659.00","58,950.47","58,221.79","58,513.26",0.00,0.00,"518,900.00"
06/01/2023,"58,586.13","59,096.21","58,440.39","58,513.26",-300.00,0.00,"719,400.00"
05/01/2023,"58,440.39","59,387.68","58,440.39","58,731.87",600.00,0.01,"1,012,600.00"
04/01/2023,"58,877.60","59,023.34","57,784.58","58,294.66",0.00,0.00,"794,300.00"
03/01/2023,"56,035.74","58,294.66","55,962.87","58,294.66","3,100.00",0.04,"1,535,200.00"
30/12/2022,"55,525.66","56,035.74","55,379.92","56,035.74",700.00,0.01,"1,128,600.00"
29/12/2022,"55,744.26","56,108.61","55,525.66","55,525.66",,,"891,516.00"
28/12/2022,"56,108.61","56,108.61","55,379.92","55,890.00",,,"589,200.00"
27/12/2022,"55,671.40","56,472.95","55,379.92","55,744.26",,,"1,588,616.00"
26/12/2022,"56,618.68","56,910.16","55,671.40","55,671.40",,,"832,500.00"
23/12/2022,"55,671.40","56,837.29","55,525.66","56,837.29",,,"1,823,000.00"
22/12/2022,"56,254.34","56,472.95","55,379.92","56,254.34",,,"1,037,800.00"
21/12/2022,"56,254.34","56,400.08","55,161.32","56,254.34",,,"852,236.00"
20/12/2022,"56,254.34","56,254.34","54,942.71","55,817.13",,,"841,200.00"
19/12/2022,"57,055.89","57,055.89","55,817.13","55,817.13",,,"1,026,200.00"
16/12/2022,"56,108.61","56,837.29","55,671.40","56,764.42",,,"1,126,900.00"
15/12/2022,"55,671.40","56,910.16","55,671.40","56,618.68",,,"1,197,500.00"
14/12/2022,"56,254.34","56,472.95","55,452.79","55,598.53",,,"1,766,100.00"
13/12/2022,"55,525.66","56,327.21","54,796.98","56,254.34",,,"899,700.00"
12/12/2022,"56,545.82","56,983.03","55,671.40","56,108.61",,,"2,540,500.00"
09/12/2022,"55,598.53","56,837.29","55,525.66","56,837.29",,,"987,500.00"
08/12/2022,"56,035.74","57,420.24","55,088.45","56,108.61",,,"1,298,700.00"
07/12/2022,"55,307.05","55,817.13","54,505.50","55,744.26",,,"1,098,800.00"
06/12/2022,"57,055.89","57,493.10","55,379.92","55,379.92",,,"1,537,700.00"
05/12/2022,"56,837.29","57,565.97","56,400.08","57,055.89",,,"1,216,400.00"
02/12/2022,"54,432.63","56,618.68","53,922.56","56,400.08",,,"2,901,400.00"
01/12/2022,"54,724.11","55,234.19","53,995.42","54,432.63",,,"1,776,500.00"
30/11/2022,"54,286.90","54,578.37","53,558.21","54,359.77",,,"1,048,500.00"
29/11/2022,"54,578.37","54,578.37","53,193.87","54,141.16",,,"1,143,800.00"
28/11/2022,"52,756.66","54,286.90","52,683.79","54,141.16",,,"1,283,800.00"
25/11/2022,"51,445.03","52,465.19","51,372.17","52,465.19",,,"1,467,400.00"
24/11/2022,"50,862.09","51,736.51","50,570.61","51,372.17",,,"916,400.00"
23/11/2022,"51,007.82","51,736.51","50,789.22","51,372.17",,,"465,900.00"
22/11/2022,"51,007.82","52,465.19","50,352.01","51,372.17",,,"1,196,300.00"
21/11/2022,"50,643.48","52,319.45","50,643.48","51,080.69",,,"840,500.00"
18/11/2022,"51,080.69","52,465.19","50,424.88","52,100.85",,,"1,261,700.00"
17/11/2022,"50,497.75","52,465.19","47,000.07","51,736.51",,,"2,082,500.00"
16/11/2022,"44,668.28","51,007.82","44,668.28","50,497.75",,,"3,318,000.00"
15/11/2022,"51,007.82","51,007.82","48,020.22","48,020.22",,,"9,108,949.00"
14/11/2022,"52,465.19","52,756.66","51,007.82","51,590.77",,,"1,639,000.00"
11/11/2022,"53,266.74","53,631.08","52,465.19","53,048.14",,,"1,446,800.00"
10/11/2022,"53,558.21","53,703.95","50,352.01","53,193.87",,,"2,988,600.00"
09/11/2022,"53,412.48","54,141.16","53,412.48","53,922.56",,,"897,700.00"
08/11/2022,"52,100.85","53,849.69","52,027.98","53,412.48",,,"1,665,000.00"
07/11/2022,"52,902.40","53,922.56","52,902.40","52,902.40",,,"2,036,000.00"
04/11/2022,"53,922.56","53,922.56","52,100.85","53,121.00",,,"2,722,300.00"
03/11/2022,"54,286.90","55,161.32","53,703.95","53,995.42",,,"672,400.00"
02/11/2022,"54,796.98","55,379.92","53,922.56","53,922.56",,,"978,200.00"
01/11/2022,"55,598.53","55,962.87","54,651.24","55,015.58",,,"611,500.00"
31/10/2022,"54,651.24","55,379.92","53,703.95","55,088.45",,,"1,084,700.00"
28/10/2022,"55,598.53","55,598.53","54,432.63","54,651.24",,,"925,800.00"
27/10/2022,"53,995.42","55,525.66","53,703.95","55,234.19",,,"965,900.00"
26/10/2022,"54,286.90","54,286.90","52,975.27","53,776.82",,,"675,100.00"
25/10/2022,"52,027.98","54,286.90","51,809.38","53,339.61",,,"1,564,600.00"
24/10/2022,"53,849.69","54,286.90","51,736.51","51,809.38",,,"3,214,200.00"
21/10/2022,"56,618.68","56,618.68","53,849.69","53,849.69",,,"2,505,400.00"
20/10/2022,"55,234.19","57,201.63","54,869.84","56,691.55",,,"1,817,900.00"
19/10/2022,"54,578.37","55,525.66","54,432.63","55,015.58",,,"1,766,700.00"
18/10/2022,"53,922.56","54,869.84","53,922.56","54,578.37",,,"900,300.00"
17/10/2022,"53,558.21","53,849.69","52,902.40","53,776.82",,,"730,920.00"
14/10/2022,"54,214.03","54,286.90","53,631.08","53,922.56",,,"844,200.00"
13/10/2022,"52,610.93","53,193.87","52,100.85","53,193.87",,,"959,200.00"
12/10/2022,"51,736.51","53,412.48","51,736.51","52,756.66",,,"1,463,100.00"
11/10/2022,"53,922.56","53,922.56","51,736.51","51,736.51",,,"2,109,700.00"
10/10/2022,"53,558.21","55,015.58","52,538.06","53,922.56",,,"1,795,400.00"
07/10/2022,"55,525.66","55,525.66","53,922.56","53,922.56",,,"2,134,000.00"
06/10/2022,"57,493.10","57,493.10","55,744.26","55,744.26",,,"1,266,700.00"
05/10/2022,"57,565.97","57,930.31","57,128.76","57,128.76",,,"1,066,835.00"
04/10/2022,"56,837.29","57,565.97","56,254.34","56,472.95",,,"2,066,000.00"
03/10/2022,"58,003.18","58,513.26","55,671.40","56,108.61",,,"2,267,300.00"
30/09/2022,"56,108.61","58,877.60","56,035.74","58,659.00",,,"3,021,900.00"
29/09/2022,"58,148.92","58,367.52","56,108.61","56,108.61",,,"1,303,900.00"
28/09/2022,"58,367.52","58,586.13","56,837.29","56,837.29",,,"2,048,400.00"
27/09/2022,"59,752.02","59,752.02","58,659.00","58,659.00",,,"1,102,900.00"
26/09/2022,"59,387.68","59,752.02","58,513.26","59,387.68",,,"2,124,340.00"
23/09/2022,"60,553.57","60,553.57","59,824.89","60,043.50",,,"1,189,800.00"
22/09/2022,"59,752.02","60,480.71","59,679.15","60,407.84",,,"1,192,400.00"
21/09/2022,"60,699.31","60,699.31","59,970.63","59,970.63",,,"775,400.00"
20/09/2022,"60,553.57","61,063.65","59,970.63","60,772.18",,,"1,976,300.00"
19/09/2022,"60,116.36","60,917.91","59,679.15","60,553.57",,,"2,033,700.00"
16/09/2022,"60,990.78","61,136.52","60,116.36","60,116.36",,,"1,360,100.00"
15/09/2022,"61,573.73","61,573.73","60,990.78","60,990.78",,,"959,600.00"
14/09/2022,"60,845.05","61,573.73","60,845.05","61,209.39",,,"1,474,901.00"
13/09/2022,"61,938.07","62,156.68","61,427.99","61,646.60",,,"1,277,702.00"
12/09/2022,"62,010.94","62,083.81","61,427.99","61,646.60",,,"767,000.00"
09/09/2022,"61,646.60","61,938.07","61,427.99","61,427.99",,,"1,145,400.00"
08/09/2022,"61,282.26","61,938.07","61,063.65","61,427.99",,,"1,299,800.00"
07/09/2022,"62,302.41","62,593.89","61,209.39","61,209.39",,,"2,318,200.00"
06/09/2022,"62,666.75","62,958.23","62,521.02","62,521.02",,,"1,593,900.00"
05/09/2022,"63,031.10","63,176.83","62,593.89","62,812.49",,,"1,110,900.00"
31/08/2022,"62,521.02","63,395.44","62,521.02","63,103.96",,,"1,350,100.00"
30/08/2022,"63,031.10","63,395.44","62,666.75","62,958.23",,,"1,303,200.00"
29/08/2022,"63,395.44","63,395.44","61,719.47","63,031.10",,,"2,541,100.00"
26/08/2022,"62,958.23","63,978.38","62,885.36","63,541.17",,,"1,956,600.00"
25/08/2022,"62,812.49","63,176.83","62,666.75","62,885.36",,,"1,164,800.00"
24/08/2022,"63,031.10","63,249.70","62,739.62","62,812.49",,,"1,067,000.00"
23/08/2022,"62,018.48","62,666.75","62,018.48","62,666.75",,,"1,113,300.00"
22/08/2022,"62,378.63","62,882.85","61,874.42","62,522.69",,,"1,662,100.00"
19/08/2022,"63,387.06","63,747.22","62,090.51","62,594.72",,,"2,101,600.00"
18/08/2022,"63,315.03","64,611.58","63,315.03","63,603.15",,,"3,352,900.00"
17/08/2022,"64,107.37","64,179.40","63,387.06","63,603.15",,,"1,506,200.00"
16/08/2022,"64,035.34","64,395.49","63,459.09","63,891.28",,,"1,415,800.00"
15/08/2022,"62,378.63","64,179.40","62,378.63","64,035.34",,,"3,330,000.00"
12/08/2022,"61,730.35","62,306.60","61,730.35","62,306.60",,,"1,298,500.00"
11/08/2022,"62,090.51","62,522.69","61,730.35","61,946.45",,,"2,535,800.00"
10/08/2022,"62,162.54","62,450.66","61,946.45","61,946.45",,,"1,189,100.00"
09/08/2022,"61,946.45","63,026.91","61,730.35","62,090.51",,,"2,772,500.00"
08/08/2022,"61,874.42","62,234.57","61,442.23","61,946.45",,,"1,670,200.00"
05/08/2022,"62,018.48","62,810.82","61,658.32","61,802.39",,,"2,275,100.00"
04/08/2022,"61,298.17","62,378.63","61,154.11","62,018.48",,,"3,299,500.00"
03/08/2022,"61,226.14","61,370.20","60,649.89","61,082.08",,,"2,443,800.00"
02/08/2022,"60,505.83","61,298.17","60,145.68","61,226.14",,,"1,879,700.00"
01/08/2022,"60,505.83","60,649.89","59,857.56","60,505.83",,,"2,404,100.00"
29/07/2022,"61,298.17","61,370.20","60,145.68","60,145.68",,,"2,143,800.00"
28/07/2022,"61,370.20","61,802.39","59,857.56","61,154.11",,,"2,335,900.00"
27/07/2022,"60,938.02","61,370.20","60,793.96","61,370.20",,,"1,271,232.00"
26/07/2022,"61,946.45","61,946.45","61,082.08","61,082.08",,,"1,440,400.00"
25/07/2022,"62,666.75","62,666.75","61,298.17","61,514.26",,,"2,245,900.00"
22/07/2022,"62,234.57","62,306.60","61,298.17","61,298.17",,,"2,190,600.00"
21/07/2022,"61,874.42","61,874.42","60,865.99","61,226.14",,,"2,512,600.00"
20/07/2022,"61,226.14","61,874.42","60,505.83","61,154.11",,,"4,169,280.00"
19/07/2022,"59,713.49","59,785.52","59,209.28","59,785.52",,,"2,342,800.00"
18/07/2022,"59,641.46","60,865.99","59,281.31","59,785.52",,,"1,364,900.00"
15/07/2022,"60,505.83","60,505.83","59,209.28","59,209.28",,,"1,802,200.00"
14/07/2022,"59,641.46","60,145.68","59,209.28","59,641.46",,,"2,203,500.00"
13/07/2022,"60,505.83","60,505.83","59,425.37","59,425.37",,,"1,764,700.00"
12/07/2022,"59,641.46","60,145.68","59,569.43","60,145.68",,,"918,300.00"
11/07/2022,"60,938.02","60,938.02","59,641.46","59,641.46",,,"1,398,800.00"
08/07/2022,"60,433.80","60,505.83","59,857.56","60,217.71",,,"1,937,500.00"
07/07/2022,"60,433.80","60,938.02","59,857.56","59,857.56",,,"2,486,500.00"
06/07/2022,"60,577.86","61,874.42","60,145.68","60,145.68",,,"3,756,400.00"
05/07/2022,"63,243.00","63,243.00","61,514.26","61,514.26",,,"2,122,800.00"
04/07/2022,"63,747.22","63,747.22","61,946.45","62,450.66",,,"1,005,500.00"
01/07/2022,"62,666.75","63,963.31","61,082.08","63,387.06",,,"2,766,500.00"
30/06/2022,"64,467.52","64,755.65","62,090.51","62,090.51",,,"2,026,200.00"
29/06/2022,"64,035.34","64,827.68","63,531.12","64,827.68",,,"2,808,800.00"
28/06/2022,"64,467.52","64,971.74","62,810.82","64,611.58",,,"3,878,200.00"
27/06/2022,"62,234.57","63,315.03","61,874.42","62,306.60",,,"2,519,100.00"
24/06/2022,"62,018.48","63,243.00","61,586.29","61,586.29",,,"931,400.00"
23/06/2022,"60,505.83","62,522.69","60,289.74","61,586.29",,,"3,422,125.00"
22/06/2022,"64,683.62","65,115.80","60,793.96","60,865.99",,,"3,426,300.00"
21/06/2022,"66,556.42","67,348.75","64,107.37","64,179.40",,,"3,188,800.00"
20/06/2022,"67,348.75","68,069.06","65,764.08","66,268.29",,,"2,667,500.00"
17/06/2022,"65,043.77","66,700.48","64,107.37","66,268.29",,,"4,164,800.00"
16/06/2022,"65,547.98","67,564.85","64,971.74","66,268.29",,,"3,387,500.00"
15/06/2022,"65,259.86","65,259.86","63,387.06","65,187.83",,,"2,866,700.00"
14/06/2022,"61,946.45","64,755.65","61,586.29","64,179.40",,,"2,895,400.00"
13/06/2022,"63,387.06","65,403.92","61,946.45","62,090.51",,,"3,835,600.00"
10/06/2022,"67,450.25","68,223.49","65,427.93","65,427.93",,,"4,131,600.00"
09/06/2022,"68,699.33","68,937.25","67,390.77","68,580.37",,,"2,415,400.00"
08/06/2022,"69,175.17","69,948.41","68,104.53","68,401.93",,,"3,038,600.00"
07/06/2022,"67,033.89","68,758.81","64,595.21","68,758.81",,,"6,026,500.00"
06/06/2022,"67,807.13","68,996.73","66,617.53","67,212.33",,,"3,317,400.00"
03/06/2022,"66,320.13","67,807.13","65,963.25","67,807.13",,,"2,620,100.00"
02/06/2022,"67,093.37","68,282.97","66,082.21","66,320.13",,,"2,763,900.00"
01/06/2022,"65,368.45","67,152.85","65,308.97","66,498.57",,,"3,350,800.00"
31/05/2022,"66,201.17","66,201.17","63,940.94","65,368.45",,,"2,855,300.00"
30/05/2022,"66,082.21","66,855.45","64,952.09","66,201.17",,,"10,997,000.00"
27/05/2022,"62,810.82","66,617.53","62,751.34","66,498.57",,,"4,495,100.00"
26/05/2022,"62,572.90","63,703.02","62,216.02","62,810.82",,,"1,766,400.00"
25/05/2022,"59,182.54","62,453.94","58,706.70","62,453.94",,,"3,770,800.00"
24/05/2022,"57,398.14","58,409.30","57,100.74","58,409.30",,,"1,404,700.00"
23/05/2022,"58,409.30","58,409.30","57,160.22","57,398.14",,,"1,343,359.00"
20/05/2022,"58,111.90","58,825.66","57,695.54","57,992.94",,,"1,440,400.00"
19/05/2022,"56,565.42","58,111.90","56,565.42","57,695.54",,,"2,556,700.00"
18/05/2022,"59,301.50","59,539.42","57,992.94","58,111.90",,,"2,014,400.00"
17/05/2022,"55,316.34","59,301.50","55,018.94","59,301.50",,,"2,045,800.00"
16/05/2022,"57,992.94","57,992.94","55,435.30","55,435.30",,,"1,740,900.00"
13/05/2022,"57,160.22","58,885.14","55,375.82","55,673.22",,,"4,186,100.00"
12/05/2022,"59,063.58","60,610.06","56,505.94","56,862.82",,,"4,275,700.00"
11/05/2022,"58,290.34","60,610.06","57,576.58","60,610.06",,,"2,307,500.00"
10/05/2022,"55,911.14","58,766.18","54,721.54","58,528.26",,,"3,735,300.00"
09/05/2022,"58,468.78","58,885.14","55,911.14","55,911.14",,,"5,070,700.00"
06/05/2022,"60,847.98","61,859.14","59,598.90","59,598.90",,,"3,234,500.00"
05/05/2022,"62,216.02","62,751.34","60,610.06","62,275.50",,,"2,453,900.00"
04/05/2022,"62,394.46","62,989.26","61,918.62","62,156.54",,,"2,098,400.00"
29/04/2022,"62,453.94","63,703.02","61,978.10","62,453.94",,,"4,011,500.00"
28/04/2022,"61,204.86","63,524.58","60,966.94","62,751.34",,,"3,147,500.00"
27/04/2022,"60,966.94","61,859.14","59,777.34","61,264.34",,,"3,161,700.00"
26/04/2022,"59,598.90","62,453.94","57,695.54","62,037.58",,,"5,537,400.00"
25/04/2022,"65,487.41","65,963.25","61,502.26","61,502.26",,,"6,019,525.00"
22/04/2022,"66,914.93","67,747.65","63,048.74","66,082.21",,,"11,878,200.00"
21/04/2022,"66,141.69","68,937.25","66,141.69","66,617.53",,,"4,068,500.00"
20/04/2022,"66,617.53","67,212.33","65,190.01","66,617.53",,,"3,350,000.00"
19/04/2022,"69,294.13","69,591.53","66,617.53","66,617.53",,,"8,196,978.00"
18/04/2022,"68,401.93","70,543.21","67,807.13","68,699.33",,,"3,847,800.00"
15/04/2022,"68,461.41","70,126.85","67,807.13","68,401.93",,,"4,074,500.00"
14/04/2022,"68,520.89","70,721.65","68,520.89","69,353.61",,,"5,399,800.00"
13/04/2022,"65,427.93","68,461.41","65,308.97","68,461.41",,,"3,513,600.00"
12/04/2022,"64,833.13","66,320.13","63,405.62","65,308.97",,,"3,678,500.00"
08/04/2022,"67,390.77","67,747.65","64,535.73","64,535.73",,,"6,599,500.00"
07/04/2022,"67,628.69","69,532.05","66,677.01","67,390.77",,,"5,422,000.00"
06/04/2022,"64,476.25","67,807.13","64,476.25","67,212.33",,,"4,179,000.00"
05/04/2022,"64,892.61","66,379.61","64,833.13","64,833.13",,,"3,073,800.00"
04/04/2022,"67,509.73","67,509.73","65,011.57","65,011.57",,,"3,270,200.00"
01/04/2022,"63,584.06","66,022.73","63,108.22","66,022.73",,,"4,624,000.00"
31/03/2022,"62,751.34","65,784.81","62,216.02","63,643.54",,,"3,852,800.00"
30/03/2022,"62,929.78","63,821.98","62,156.54","63,048.74",,,"3,132,000.00"
29/03/2022,"58,647.22","62,394.46","58,647.22","62,394.46",,,"8,468,000.00"
28/03/2022,"56,803.34","58,706.70","56,624.90","58,349.82",,,"4,321,325.00"
25/03/2022,"57,160.22","57,398.14","56,862.82","56,922.30",,,"1,391,500.00"
24/03/2022,"57,100.74","57,814.50","56,684.38","57,100.74",,,"1,863,100.00"
23/03/2022,"57,398.14","57,992.94","57,100.74","57,398.14",,,"2,035,800.00"
22/03/2022,"57,100.74","57,695.54","56,743.86","57,338.66",,,"2,079,200.00"
21/03/2022,"56,624.90","57,100.74","56,505.94","56,684.38",,,"2,005,200.00"
18/03/2022,"55,316.34","57,457.62","55,316.34","56,565.42",,,"2,815,100.00"
17/03/2022,"54,602.58","55,137.90","54,424.14","54,721.54",,,"2,752,300.00"
16/03/2022,"54,186.22","54,899.98","53,829.35","54,483.62",,,"3,165,900.00"
15/03/2022,"54,602.58","54,602.58","53,412.99","54,126.74",,,"3,851,300.00"
14/03/2022,"55,316.34","55,316.34","53,829.35","54,602.58",,,"2,346,200.00"
11/03/2022,"56,208.54","56,268.02","55,137.90","55,435.30",,,"1,538,600.00"
10/03/2022,"57,279.18","57,279.18","56,268.02","56,268.02",,,"1,569,500.00"
09/03/2022,"56,268.02","57,398.14","56,268.02","56,803.34",,,"3,633,500.00"
08/03/2022,"55,792.18","56,743.86","55,078.42","56,386.98",,,"2,927,500.00"
07/03/2022,"55,375.82","55,851.66","54,840.50","55,792.18",,,"1,920,300.00"
04/03/2022,"55,494.78","55,792.18","55,316.34","55,613.74",,,"1,343,800.00"
03/03/2022,"55,435.30","55,911.14","55,435.30","55,554.26",,,"1,432,470.00"
02/03/2022,"55,316.34","55,554.26","55,137.90","55,375.82",,,"1,348,400.00"
01/03/2022,"55,911.14","55,911.14","55,018.94","55,554.26",,,"1,101,900.00"
28/02/2022,"54,899.98","55,613.74","54,899.98","55,494.78",,,"1,561,400.00"
25/02/2022,"54,959.46","55,554.26","54,781.02","54,899.98",,,"1,059,900.00"
24/02/2022,"55,316.34","55,613.74","53,531.95","54,721.54",,,"1,349,600.00"
23/02/2022,"55,078.42","55,851.66","55,078.42","55,316.34",,,"973,800.00"
22/02/2022,"55,316.34","55,494.78","54,721.54","55,256.86",,,"1,344,700.00"
21/02/2022,"54,840.50","55,911.14","54,721.54","55,613.74",,,"1,386,000.00"
18/02/2022,"54,899.98","55,018.94","54,543.10","54,840.50",,,"618,800.00"
17/02/2022,"54,662.06","55,197.38","54,126.74","55,197.38",,,"911,400.00"
16/02/2022,"54,543.10","55,018.94","54,305.18","54,305.18",,,"815,200.00"
15/02/2022,"54,126.74","54,543.10","53,829.35","54,186.22",,,"655,400.00"
14/02/2022,"54,126.74","54,483.62","53,769.87","54,126.74",,,"774,100.00"
11/02/2022,"54,602.58","54,959.46","54,364.66","54,483.62",,,"1,104,200.00"
10/02/2022,"54,364.66","54,721.54","53,650.91","54,721.54",,,"1,119,900.00"
09/02/2022,"54,543.10","54,543.10","53,888.83","53,948.31",,,"1,342,700.00"
08/02/2022,"53,234.55","54,602.58","53,234.55","53,888.83",,,"845,100.00"
07/02/2022,"53,531.95","53,591.43","52,937.15","53,234.55",,,"969,200.00"
28/01/2022,"51,152.75","53,234.55","51,093.27","53,234.55",,,"1,985,200.00"
27/01/2022,"51,152.75","51,569.11","50,795.87","51,093.27",,,"774,500.00"
26/01/2022,"51,747.55","51,747.55","50,855.35","51,152.75",,,"1,093,600.00"
25/01/2022,"50,676.91","52,044.95","49,963.15","51,450.15",,,"2,842,600.00"
24/01/2022,"52,461.31","52,639.75","50,557.95","50,736.39",,,"3,831,200.00"
21/01/2022,"52,937.15","53,412.99","52,461.31","52,461.31",,,"927,500.00"
20/01/2022,"52,580.27","54,126.74","52,520.79","52,818.19",,,"1,355,600.00"
19/01/2022,"52,401.83","53,056.11","52,342.35","52,520.79",,,"794,900.00"
18/01/2022,"52,520.79","53,294.03","52,342.35","52,401.83",,,"1,301,900.00"
17/01/2022,"53,829.35","54,305.18","52,937.15","52,937.15",,,"1,972,700.00"
14/01/2022,"54,543.10","54,781.02","54,067.27","54,305.18",,,"909,300.00"
13/01/2022,"54,067.27","55,137.90","53,412.99","54,781.02",,,"1,947,800.00"
12/01/2022,"52,996.63","53,888.83","52,639.75","53,294.03",,,"2,240,700.00"
11/01/2022,"54,721.54","54,840.50","52,996.63","53,234.55",,,"2,746,600.00"
10/01/2022,"55,435.30","55,613.74","54,662.06","54,721.54",,,"2,733,400.00"
07/01/2022,"55,375.82","55,732.70","55,375.82","55,554.26",,,"1,357,800.00"
06/01/2022,"55,673.22","55,911.14","55,613.74","55,613.74",,,"2,304,700.00"
05/01/2022,"55,732.70","56,030.10","55,613.74","55,673.22",,,"1,789,800.00"
04/01/2022,"55,554.26","56,030.10","55,494.78","55,613.74",,,"2,149,300.00"
31/12/2021,"55,792.18","56,149.06","55,316.34","55,316.34",,,"1,739,700.00"
30/12/2021,"55,732.70","56,089.58","55,613.74","55,673.22",,,"1,226,800.00"
29/12/2021,"56,386.98","56,386.98","55,673.22","55,673.22",,,"912,200.00"
28/12/2021,"56,208.54","56,446.46","55,970.62","56,208.54",,,"1,199,600.00"
27/12/2021,"56,030.10","56,505.94","55,494.78","56,208.54",,,"1,063,700.00"
24/12/2021,"55,613.74","56,208.54","55,197.38","55,792.18",,,"1,224,100.00"
23/12/2021,"56,505.94","56,505.94","55,316.34","55,435.30",,,"3,647,858.00"
22/12/2021,"56,505.94","56,743.86","56,268.02","56,505.94",,,"2,206,500.00"
21/12/2021,"56,922.30","57,041.26","56,565.42","56,624.90",,,"1,711,718.00"
20/12/2021,"57,398.14","57,398.14","56,803.34","56,981.78",,,"1,832,100.00"
17/12/2021,"56,862.82","57,695.54","56,803.34","57,338.66",,,"1,388,100.00"
16/12/2021,"57,992.94","57,992.94","56,803.34","56,803.34",,,"1,763,600.00"
15/12/2021,"56,922.30","57,279.18","56,862.82","57,041.26",,,"2,927,500.00"
14/12/2021,"57,100.74","57,338.66","56,743.86","56,922.30",,,"2,175,500.00"
13/12/2021,"57,398.14","57,398.14","56,862.82","57,100.74",,,"1,073,804.00"
10/12/2021,"57,338.66","57,695.54","56,743.86","56,981.78",,,"1,624,900.00"
09/12/2021,"56,565.42","57,695.54","56,565.42","57,695.54",,,"1,169,100.00"
08/12/2021,"57,398.14","57,398.14","56,505.94","56,862.82",,,"1,150,300.00"
07/12/2021,"56,505.94","57,100.74","56,208.54","57,100.74",,,"1,451,000.00"
06/12/2021,"56,803.34","57,398.14","56,030.10","56,208.54",,,"3,217,900.00"
03/12/2021,"58,171.38","58,171.38","56,803.34","56,803.34",,,"2,009,700.00"
02/12/2021,"58,052.42","58,468.78","57,814.50","57,814.50",,,"1,162,895.00"
01/12/2021,"57,992.94","58,647.22","57,517.10","58,409.30",,,"1,254,900.00"
30/11/2021,"58,349.82","58,587.74","57,695.54","57,755.02",,,"2,583,100.00"
29/11/2021,"57,992.94","58,825.66","57,992.94","58,349.82",,,"2,867,500.00"
26/11/2021,"59,539.42","59,955.78","58,766.18","58,825.66",,,"1,996,200.00"
25/11/2021,"58,587.74","60,550.58","58,468.78","59,479.94",,,"6,169,200.00"
24/11/2021,"57,517.10","58,528.26","57,338.66","58,230.86",,,"2,906,717.00"
23/11/2021,"56,505.94","57,457.62","56,446.46","57,457.62",,,"2,613,175.00"
22/11/2021,"56,803.34","57,100.74","56,505.94","56,505.94",,,"1,863,500.00"
19/11/2021,"57,992.94","58,171.38","56,565.42","56,684.38",,,"3,224,800.00"
18/11/2021,"58,468.78","58,706.70","57,398.14","57,398.14",,,"2,842,000.00"
17/11/2021,"58,468.78","58,528.26","58,290.34","58,468.78",,,"2,196,600.00"
16/11/2021,"57,873.98","59,182.54","57,576.58","58,468.78",,,"4,106,200.00"
15/11/2021,"58,587.74","58,587.74","57,873.98","57,873.98",,,"1,994,800.00"
12/11/2021,"57,219.70","58,409.30","57,041.26","58,290.34",,,"2,367,800.00"
11/11/2021,"57,695.54","58,290.34","56,981.78","57,100.74",,,"2,663,500.00"
10/11/2021,"57,338.66","57,695.54","57,041.26","57,695.54",,,"1,927,600.00"
09/11/2021,"57,992.94","58,052.42","57,100.74","57,338.66",,,"2,124,900.00"
08/11/2021,"58,052.42","58,587.74","57,873.98","57,933.46",,,"1,789,900.00"
05/11/2021,"57,219.70","58,171.38","57,100.74","58,052.42",,,"2,207,900.00"
04/11/2021,"57,160.22","57,576.58","56,922.30","57,100.74",,,"2,041,000.00"
03/11/2021,"57,219.70","57,517.10","56,624.90","57,160.22",,,"2,782,100.00"
02/11/2021,"56,803.34","57,695.54","56,803.34","57,160.22",,,"2,159,100.00"
01/11/2021,"57,933.46","57,933.46","56,862.82","56,981.78",,,"3,281,500.00"
29/10/2021,"58,290.34","58,290.34","57,636.06","57,636.06",,,"2,709,100.00"
28/10/2021,"58,409.30","58,528.26","57,814.50","58,290.34",,,"1,684,400.00"
27/10/2021,"57,576.58","58,409.30","57,398.14","58,409.30",,,"10,939,400.00"
26/10/2021,"56,505.94","57,636.06","56,089.58","57,636.06",,,"2,037,700.00"
25/10/2021,"57,219.70","57,219.70","56,446.46","56,446.46",,,"3,596,425.00"
22/10/2021,"57,695.54","57,933.46","57,160.22","57,219.70",,,"2,801,900.00"
21/10/2021,"58,528.26","58,587.74","57,517.10","57,517.10",,,"2,415,600.00"
20/10/2021,"58,706.70","59,182.54","57,457.62","58,052.42",,,"2,248,600.00"
19/10/2021,"58,885.14","59,182.54","58,647.22","58,647.22",,,"2,031,900.00"
18/10/2021,"58,885.14","59,479.94","58,647.22","58,885.14",,,"2,504,100.00"
15/10/2021,"59,123.06","59,539.42","58,528.26","58,825.66",,,"1,702,500.00"
14/10/2021,"59,123.06","59,479.94","58,528.26","58,766.18",,,"2,487,400.00"
13/10/2021,"58,885.14","60,372.14","58,587.74","59,123.06",,,"3,760,100.00"
12/10/2021,"59,004.10","59,004.10","58,587.74","58,885.14",,,"4,936,439.00"
11/10/2021,"58,885.14","59,063.58","58,468.78","59,004.10",,,"2,539,300.00"
08/10/2021,"56,505.94","59,182.54","56,149.06","58,825.66",,,"8,665,000.00"
07/10/2021,"56,446.46","56,505.94","55,970.62","56,089.58",,,"1,597,000.00"
06/10/2021,"56,208.54","56,327.50","55,732.70","56,149.06",,,"2,223,400.00"
05/10/2021,"56,505.94","57,100.74","56,149.06","56,149.06",,,"1,856,761.00"
04/10/2021,"55,316.34","56,624.90","54,959.46","56,268.02",,,"3,233,100.00"
01/10/2021,"55,256.86","55,375.82","55,018.94","55,256.86",,,"3,863,388.00"
30/09/2021,"55,613.74","55,851.66","55,316.34","55,316.34",,,"1,016,900.00"
29/09/2021,"55,316.34","55,554.26","54,899.98","55,435.30",,,"1,657,700.00"
28/09/2021,"54,543.10","55,316.34","54,424.14","55,316.34",,,"2,693,000.00"
27/09/2021,"55,256.86","55,613.74","54,781.02","54,781.02",,,"2,192,700.00"
24/09/2021,"55,435.30","55,435.30","55,137.90","55,137.90",,,"1,489,000.00"
23/09/2021,"55,435.30","55,792.18","55,316.34","55,375.82",,,"2,099,700.00"
22/09/2021,"55,435.30","55,554.26","55,137.90","55,435.30",,,"2,552,300.00"
21/09/2021,"55,554.26","55,911.14","55,018.94","55,613.74",,,"2,697,100.00"
20/09/2021,"57,100.74","57,219.70","55,970.62","56,149.06",,,"2,764,400.00"
17/09/2021,"56,803.34","57,695.54","56,743.86","56,922.30",,,"4,569,300.00"
16/09/2021,"56,149.06","56,505.94","56,030.10","56,327.50",,,"2,428,700.00"
15/09/2021,"55,792.18","56,149.06","55,494.78","55,970.62",,,"2,137,100.00"
14/09/2021,"55,494.78","56,327.50","55,316.34","55,792.18",,,"2,743,300.00"
13/09/2021,"55,673.22","55,911.14","55,256.86","55,316.34",,,"1,800,000.00"
10/09/2021,"55,554.26","56,149.06","55,554.26","55,613.74",,,"1,480,100.00"
09/09/2021,"55,375.82","55,851.66","55,197.38","55,435.30",,,"1,493,700.00"
08/09/2021,"55,613.74","56,030.10","55,197.38","55,375.82",,,"1,623,800.00"
07/09/2021,"56,684.38","56,684.38","55,613.74","55,613.74",,,"2,570,600.00"
06/09/2021,"54,959.46","56,446.46","54,899.98","56,446.46",,,"3,175,000.00"
01/09/2021,"54,781.02","55,316.34","54,781.02","54,959.46",,,"1,593,300.00"
31/08/2021,"54,899.98","55,435.30","54,721.54","54,959.46",,,"2,377,500.00"
30/08/2021,"55,316.34","55,316.34","54,781.02","54,840.50",,,"1,660,867.00"
27/08/2021,"54,126.74","54,721.54","53,888.83","54,721.54",,,"2,345,800.00"
26/08/2021,"54,721.54","55,256.86","54,245.70","54,364.66",,,"1,998,700.00"
25/08/2021,"54,959.46","54,959.46","54,126.74","54,662.06",,,"1,984,700.00"
24/08/2021,"54,424.14","54,721.54","53,472.47","54,662.06",,,"5,209,965.00"
23/08/2021,"55,018.94","55,018.94","54,126.74","54,126.74",,,"4,631,200.00"
20/08/2021,"56,208.54","56,327.50","54,186.22","55,197.38",,,"5,406,200.00"
19/08/2021,"56,505.94","56,505.94","55,792.18","56,208.54",,,"3,142,900.00"
18/08/2021,"55,792.18","56,446.46","55,792.18","55,911.14",,,"2,015,000.00"
17/08/2021,"55,970.62","56,268.02","55,613.74","55,792.18",,,"3,254,100.00"
16/08/2021,"56,505.94","56,624.90","56,149.06","56,268.02",,,"2,018,600.00"
13/08/2021,"54,792.92","55,911.14","54,734.07","55,911.14",,,"4,133,200.00"
12/08/2021,"56,381.97","56,499.68","54,969.48","55,204.90",,,"8,924,200.00"
11/08/2021,"57,500.20","57,559.05","56,558.54","56,558.54",,,"5,798,100.00"
10/08/2021,"57,853.32","57,912.17","57,441.34","57,559.05",,,"2,980,700.00"
09/08/2021,"57,088.22","57,500.20","56,440.83","57,382.49",,,"3,731,500.00"
06/08/2021,"56,970.51","57,205.93","56,381.97","56,852.80",,,"4,405,400.00"
05/08/2021,"56,028.85","57,088.22","55,852.29","56,852.80",,,"3,046,100.00"
04/08/2021,"56,440.83","56,617.39","55,852.29","56,264.27",,,"3,253,400.00"
03/08/2021,"56,381.97","56,499.68","55,734.58","56,381.97",,,"3,742,200.00"
02/08/2021,"55,322.60","56,852.80","55,322.60","56,264.27",,,"4,789,500.00"
30/07/2021,"55,028.34","55,793.44","54,616.36","55,322.60",,,"7,597,700.00"
29/07/2021,"54,145.53","55,263.75","53,968.97","54,969.48",,,"3,863,200.00"
28/07/2021,"54,616.36","55,146.04","53,968.97","54,145.53",,,"3,366,700.00"
27/07/2021,"55,558.02","55,852.29","54,439.80","54,851.77",,,"6,783,100.00"
26/07/2021,"53,145.01","55,263.75","53,086.16","55,146.04",,,"7,447,600.00"
23/07/2021,"52,615.33","54,675.21","52,203.35","53,262.72",,,"7,745,700.00"
22/07/2021,"50,732.01","52,733.04","50,732.01","52,615.33",,,"4,475,571.00"
21/07/2021,"51,085.13","51,732.52","50,673.15","50,967.42",,,"4,340,686.00"
20/07/2021,"49,908.05","51,085.13","49,378.37","51,085.13",,,"3,895,576.00"
19/07/2021,"50,143.47","50,849.71","49,731.49","49,849.20",,,"3,628,800.00"
16/07/2021,"50,555.44","51,791.37","50,320.03","51,085.13",,,"2,385,700.00"
15/07/2021,"49,849.20","50,967.42","49,849.20","50,261.18",,,"2,734,600.00"
14/07/2021,"51,555.96","51,555.96","49,849.20","50,143.47",,,"2,607,200.00"
13/07/2021,"51,143.98","51,379.40","50,025.76","51,202.84",,,"2,634,900.00"
12/07/2021,"52,262.21","52,791.89","49,201.81","50,673.15",,,"7,615,900.00"
09/07/2021,"52,733.04","54,145.53","52,262.21","52,791.89",,,"4,288,900.00"
08/07/2021,"53,203.87","53,262.72","52,379.91","52,850.74",,,"2,617,322.00"
07/07/2021,"51,202.84","53,556.99","50,025.76","53,262.72",,,"6,182,100.00"
06/07/2021,"54,439.80","54,734.07","51,202.84","51,202.84",,,"3,824,100.00"
05/07/2021,"55,911.14","55,911.14","53,556.99","54,557.50",,,"6,430,028.00"
02/07/2021,"52,556.47","54,439.80","52,321.06","54,086.67",,,"3,908,500.00"
01/07/2021,"51,850.23","52,321.06","51,791.37","52,321.06",,,"1,700,100.00"
30/06/2021,"52,379.91","52,438.77","51,791.37","51,791.37",,,"2,174,432.00"
29/06/2021,"50,967.42","52,379.91","50,790.86","52,144.50",,,"5,571,900.00"
28/06/2021,"50,673.15","50,673.15","50,261.18","50,437.74",,,"1,858,800.00"
25/06/2021,"49,849.20","50,261.18","49,554.93","50,143.47",,,"1,613,400.00"
24/06/2021,"49,613.78","49,966.91","49,378.37","49,849.20",,,"2,207,800.00"
23/06/2021,"50,202.32","50,378.88","49,496.08","49,966.91",,,"3,010,300.00"
22/06/2021,"50,673.15","50,967.42","50,261.18","50,261.18",,,"3,285,300.00"
21/06/2021,"49,201.81","50,790.86","48,966.39","50,378.88",,,"3,990,900.00"
18/06/2021,"48,907.54","49,554.93","48,672.12","49,319.51",,,"1,728,500.00"
17/06/2021,"48,319.00","48,907.54","48,319.00","48,613.27",,,"2,346,400.00"
16/06/2021,"48,966.39","49,790.34","48,672.12","48,907.54",,,"2,774,400.00"
15/06/2021,"49,319.51","49,731.49","48,966.39","48,966.39",,,"1,778,700.00"
14/06/2021,"49,142.95","49,790.34","48,848.68","49,319.51",,,"4,650,976.00"
11/06/2021,"47,965.88","49,378.37","47,848.17","49,142.95",,,"2,439,600.00"
10/06/2021,"48,083.58","48,554.41","47,671.61","48,201.29",,,"2,578,556.00"
09/06/2021,"47,436.19","48,319.00","46,494.53","48,083.58",,,"3,602,100.00"
08/06/2021,"48,260.14","48,848.68","47,436.19","47,553.90",,,"4,886,000.00"
07/06/2021,"49,790.34","49,849.20","47,671.61","48,672.12",,,"4,269,800.00"
04/06/2021,"50,025.76","50,084.61","49,319.51","49,849.20",,,"5,945,600.00"
03/06/2021,"50,025.76","50,261.18","49,613.78","50,143.47",,,"4,495,770.00"
02/06/2021,"51,261.69","51,497.11","50,025.76","50,320.03",,,"5,240,005.00"
01/06/2021,"51,732.52","52,085.64","51,202.84","51,261.69",,,"3,495,000.00"
31/05/2021,"48,375.05","49,641.41","47,969.81","49,590.75",,,"4,421,806.00"
28/05/2021,"47,615.23","48,121.77","47,463.26","48,020.46",,,"1,874,300.00"
27/05/2021,"48,273.74","48,324.39","47,361.96","47,513.92",,,"2,974,924.00"
26/05/2021,"47,716.54","48,375.05","47,463.26","48,273.74",,,"2,097,800.00"
25/05/2021,"47,361.96","48,223.08","47,007.37","47,513.92",,,"2,232,300.00"
24/05/2021,"47,513.92","47,564.57","46,652.79","47,361.96",,,"3,680,121.00"
21/05/2021,"47,767.19","48,932.24","47,108.68","47,513.92",,,"6,641,600.00"
20/05/2021,"45,994.28","48,375.05","45,791.67","48,375.05",,,"4,055,300.00"
19/05/2021,"44,322.69","46,146.25","43,968.10","45,994.28",,,"2,896,300.00"
18/05/2021,"43,765.49","44,272.03","43,664.18","44,069.41",,,"2,281,300.00"
17/05/2021,"43,461.56","43,866.79","43,157.63","43,410.90",,,"4,489,400.00"
14/05/2021,"42,701.74","43,664.18","42,600.43","42,955.01",,,"1,908,700.00"
13/05/2021,"43,056.32","43,258.94","42,549.78","42,549.78",,,"2,789,200.00"
12/05/2021,"43,056.32","43,258.94","42,701.74","43,258.94",,,"1,864,500.00"
11/05/2021,"43,562.87","43,866.79","43,157.63","43,157.63",,,"2,284,000.00"
10/05/2021,"42,093.89","43,562.87","42,043.23","43,461.56",,,"4,581,300.00"
07/05/2021,"41,891.27","42,549.78","41,688.65","42,043.23",,,"2,750,900.00"
06/05/2021,"42,043.23","42,296.51","41,638.00","41,891.27",,,"1,969,000.00"
05/05/2021,"42,803.05","42,803.05","41,891.27","41,992.58",,,"2,347,200.00"
04/05/2021,"40,523.60","42,296.51","40,523.60","41,992.58",,,"3,425,700.00"
29/04/2021,"40,928.83","41,435.38","40,928.83","40,979.49",,,"2,228,900.00"
28/04/2021,"40,574.25","41,182.11","40,574.25","40,928.83",,,"1,727,649.00"
27/04/2021,"40,726.22","41,232.76","40,574.25","40,878.18",,,"1,812,100.00"
26/04/2021,"41,789.96","41,941.92","40,776.87","41,030.14",,,"3,116,300.00"
23/04/2021,"40,523.60","42,043.23","40,371.63","42,043.23",,,"3,206,400.00"
22/04/2021,"41,536.69","42,499.12","40,523.60","40,523.60",,,"2,424,200.00"
20/04/2021,"41,435.38","43,005.67","41,334.07","41,992.58",,,"5,067,760.00"
19/04/2021,"40,523.60","41,283.42","40,270.33","41,283.42",,,"3,550,700.00"
16/04/2021,"40,422.29","41,131.45","39,915.74","40,371.63",,,"2,595,600.00"
15/04/2021,"41,030.14","41,232.76","40,422.29","40,523.60",,,"3,080,200.00"
14/04/2021,"40,523.60","41,030.14","40,270.33","41,030.14",,,"2,530,600.00"
13/04/2021,"41,536.69","41,638.00","40,776.87","40,878.18",,,"3,303,300.00"
12/04/2021,"41,739.31","41,739.31","41,283.42","41,587.34",,,"2,119,500.00"
09/04/2021,"40,472.94","42,043.23","40,472.94","41,587.34",,,"4,984,795.00"
08/04/2021,"40,624.91","40,827.53","40,270.33","40,320.98",,,"2,129,800.00"
07/04/2021,"40,118.36","40,371.63","40,067.71","40,320.98",,,"2,055,600.00"
06/04/2021,"40,067.71","40,523.60","40,067.71","40,219.67",,,"1,632,800.00"
05/04/2021,"40,726.22","40,776.87","39,966.40","40,320.98",,,"2,757,500.00"
02/04/2021,"40,726.22","40,776.87","40,422.29","40,422.29",,,"1,991,200.00"
01/04/2021,"39,459.85","40,371.63","39,459.85","40,371.63",,,"3,150,900.00"
31/03/2021,"39,054.62","39,561.16","38,801.35","39,358.54",,,"1,420,000.00"
30/03/2021,"39,459.85","39,510.51","39,003.96","39,054.62",,,"1,712,500.00"
29/03/2021,"38,750.69","39,561.16","38,548.07","39,307.89",,,"2,034,665.00"
26/03/2021,"38,598.73","38,902.65","37,737.60","38,548.07",,,"2,672,600.00"
25/03/2021,"39,257.24","39,257.24","38,750.69","38,801.35",,,"2,355,400.00"
24/03/2021,"39,459.85","39,966.40","38,750.69","39,003.96",,,"2,788,500.00"
23/03/2021,"39,763.78","40,523.60","39,662.47","39,915.74",,,"2,333,200.00"
22/03/2021,"40,270.33","40,320.98","39,662.47","39,865.09",,,"3,074,800.00"
19/03/2021,"40,523.60","40,776.87","40,219.67","40,422.29",,,"2,923,500.00"
18/03/2021,"41,030.14","41,030.14","40,523.60","41,030.14",,,"2,177,500.00"
17/03/2021,"41,283.42","41,283.42","40,523.60","40,928.83",,,"2,573,500.00"
16/03/2021,"39,003.96","41,283.42","38,801.35","41,030.14",,,"5,171,000.00"
15/03/2021,"38,801.35","39,257.24","38,548.07","38,750.69",,,"1,801,400.00"