,Q4/2024,Q3/2024,Q2/2024,Q1/2024,Q4/2023,Q3/2023,Q2/2023,Q1/2023,Q4/2022,Q3/2022,Q2/2022,Q1/2022,Q4/2021,Q3/2021,Q2/2021,Q1/2021,Q4/2020,Q3/2020,Q2/2020,Q1/2020,Q4/2019,Q3/2019,Q2/2019,Q1/2019,Q4/2018,Q3/2018,Q2/2018,Q1/2018,Q4/2017,Q3/2017,Q2/2017,Q1/2017,Q4/2016,Q3/2016,Q2/2016,Q1/2016,Q4/2015,Q3/2015,Q2/2015,Q1/2015
    Doanh thu thuần,"17,607,817,805,892.00","15,902,821,715,757.00","15,245,226,416,020.00","14,092,928,413,699.00","14,690,412,703,323.00","13,761,744,975,857.00","12,484,364,264,902.00","11,681,378,883,303.00","13,042,426,271,109.00","11,148,559,020,353.00","10,096,060,090,959.00","9,730,253,844,391.00","10,704,055,633,280.00","8,725,171,956,972.00","8,641,707,284,821.00","7,586,327,669,954.00","8,666,704,612,977.00","7,553,128,504,072.00","6,980,002,498,337.00","6,630,564,911,438.00","8,120,187,874,196.00","7,104,374,137,543.00","6,825,918,524,598.00","5,666,479,616,064.00","6,952,446,588,573.00","6,036,058,933,435.00","5,474,262,724,100.00","4,750,768,611,617.00","12,495,737,352,665.00","10,831,198,037,445.00","9,946,702,598,780.00","9,418,119,567,621.00","12,399,573,089,770.00","9,755,288,350,096.00","8,958,526,432,579.00","8,466,518,261,019.00","10,449,042,783,674.00","9,527,463,506,576.00","9,328,539,915,897.00","8,641,481,450,290.00"
        Tăng trưởng doanh thu,19.86%,15.56%,22.11%,20.64%,12.64%,23.44%,23.66%,20.05%,21.85%,27.77%,16.83%,28.26%,23.51%,15.52%,23.81%,14.41%,6.73%,6.32%,2.26%,17.01%,16.80%,17.70%,24.69%,19.28%,-44.36%,-44.27%,-44.96%,-49.56%,0.78%,11.03%,11.03%,11.24%,18.67%,2.39%,-3.97%,-2.02%,-31.85%,-29.31%,-12.70%,-20.48%
    Lợi nhuận gộp,"6,478,973,351,926.00","6,158,955,664,406.00","5,651,357,322,898.00","5,510,465,680,087.00","5,631,863,560,161.00","5,496,368,967,016.00","4,633,824,307,037.00","4,567,879,000,694.00","5,241,273,784,162.00","4,359,485,692,257.00","3,842,688,349,310.00","3,953,321,292,553.00","4,094,368,175,339.00","3,250,928,734,025.00","3,440,181,142,905.00","2,894,526,954,668.00","3,470,920,950,243.00","2,998,778,191,778.00","2,721,754,673,951.00","2,624,378,378,526.00","3,071,028,277,517.00","2,782,725,269,232.00","2,578,129,542,120.00","2,279,330,299,668.00","2,571,210,747,456.00","2,295,670,242,789.00","2,000,672,597,403.00","1,855,560,326,804.00","2,850,422,016,373.00","2,415,836,625,376.00","2,431,579,550,839.00","2,075,513,389,017.00","2,787,127,572,335.00","2,216,581,048,829.00","1,933,550,359,469.00","1,686,151,346,915.00","2,158,680,586,355.00","1,914,596,624,885.00","1,801,912,782,980.00","1,689,717,875,940.00"
        Tăng trưởng lợi nhuận gộp,15.04%,12.05%,21.96%,20.64%,7.45%,26.08%,20.59%,15.55%,28.01%,34.10%,11.70%,36.58%,17.96%,8.41%,26.40%,10.29%,13.02%,7.76%,5.57%,15.14%,19.44%,21.22%,28.86%,22.84%,-9.80%,-4.97%,-17.72%,-10.60%,2.27%,8.99%,25.76%,23.09%,29.11%,15.77%,7.31%,-0.21%,22.08%,19.17%,15.95%,25.62%
    Lợi nhuận thuần từ HĐKD,"2,922,046,994,779.00","2,948,226,004,570.00","2,640,452,963,597.00","2,515,527,123,032.00","2,386,698,290,464.00","2,438,361,031,885.00","2,189,766,371,273.00","2,096,933,282,136.00","1,978,262,144,383.00","1,993,657,541,909.00","1,836,170,115,757.00","1,772,700,579,087.00","1,739,745,644,406.00","1,583,035,594,235.00","1,523,659,692,592.00","1,380,037,491,735.00","1,423,198,361,419.00","1,369,402,467,106.00","1,268,042,508,885.00","1,127,536,485,672.00","1,135,574,754,296.00","1,347,402,673,251.00","1,164,535,589,481.00","937,234,021,911.00","1,086,434,591,271.00","1,057,301,204,429.00","879,551,998,573.00","771,385,943,104.00","1,922,129,774,999.00","882,252,175,539.00","779,116,749,775.00","629,910,969,468.00","986,045,555,923.00","749,013,779,691.00","674,360,526,484.00","554,781,334,345.00","843,492,268,123.00","621,826,760,957.00","711,603,570,023.00","628,940,977,842.00"
        Tăng trưởng lợi nhuận thuần,22.43%,20.91%,20.58%,19.96%,20.65%,22.31%,19.26%,18.29%,13.71%,25.94%,20.51%,28.45%,22.24%,15.60%,20.16%,22.39%,25.33%,1.63%,8.89%,20.30%,4.52%,27.44%,32.40%,21.50%,-43.48%,19.84%,12.89%,22.46%,94.93%,17.79%,15.53%,13.54%,16.90%,20.45%,-5.23%,-11.79%,37.73%,5.23%,13.24%,10.95%
    Lợi nhuận trước thuế,"2,959,667,491,092.00","2,908,620,633,374.00","2,668,968,551,824.00","2,533,582,054,552.00","2,435,092,799,591.00","2,429,150,459,859.00","2,218,132,633,347.00","2,120,643,647,098.00","1,989,028,630,914.00","2,028,024,819,924.00","1,857,844,626,387.00","1,779,047,846,680.00","1,760,402,225,467.00","1,638,572,771,884.00","1,539,464,518,474.00","1,396,751,211,337.00","1,447,320,040,402.00","1,385,878,971,886.00","1,285,493,108,003.00","1,142,289,868,827.00","1,157,064,011,888.00","1,368,471,027,871.00","1,178,628,750,300.00","960,366,721,615.00","1,114,533,003,366.00","1,050,676,926,003.00","906,314,220,349.00","780,778,210,852.00","1,940,194,881,279.00","881,652,746,973.00","783,482,958,690.00","643,244,794,751.00","1,002,297,239,272.00","754,086,133,429.00","694,769,657,597.00","562,745,635,943.00","882,089,197,438.00","618,499,963,188.00","705,024,545,629.00","645,332,005,032.00"
        Tăng trưởng lợi nhuận trước thuế,21.54%,19.74%,20.33%,19.47%,22.43%,19.78%,19.39%,19.20%,12.99%,23.77%,20.68%,27.37%,21.63%,18.23%,19.76%,22.28%,25.09%,1.27%,9.07%,18.94%,3.82%,30.25%,30.05%,23.00%,-42.56%,19.17%,15.68%,21.38%,93.57%,16.92%,12.77%,14.30%,13.63%,21.92%,-1.45%,-12.80%,39.84%,3.18%,9.31%,10.96%
    Lợi nhuận sau thuế của Cổ đông công ty mẹ,"2,086,993,221,115.00","2,088,852,212,408.00","1,875,158,768,537.00","1,798,030,863,528.00","1,728,399,961,335.00","1,739,340,360,244.00","1,509,219,531,243.00","1,493,562,580,890.00","1,351,601,105,816.00","1,453,716,280,969.00","1,250,820,478,762.00","1,238,879,424,986.00","1,301,522,104,628.00","1,124,838,737,907.00","1,000,031,075,983.00","906,142,681,183.00","982,843,692,181.00","928,887,800,638.00","878,710,517,511.00","747,105,139,041.00","757,233,806,198.00","960,108,010,842.00","791,704,283,229.00","626,304,276,321.00","786,460,440,897.00","724,917,924,600.00","594,282,345,873.00","509,013,722,111.00","1,419,645,450,459.00","582,640,652,429.00","511,685,685,004.00","412,899,887,330.00","661,138,145,325.00","467,811,292,728.00","516,003,095,436.00","345,690,044,903.00","662,357,845,998.00","389,063,984,750.00","456,633,177,453.00","424,660,831,199.00"
        Tăng trưởng lợi nhuận sau thuế,20.75%,20.09%,24.25%,20.39%,27.88%,19.65%,20.66%,20.56%,3.85%,29.24%,25.08%,36.72%,32.42%,21.10%,13.81%,21.29%,29.79%,-3.25%,10.99%,19.29%,-3.72%,32.44%,33.22%,23.04%,-44.60%,24.42%,16.14%,23.28%,114.73%,24.55%,-0.84%,19.44%,-0.18%,20.24%,13.00%,-18.60%,47.02%,-0.01%,6.79%,17.47%
    Tổng tài sản,"72,013,238,235,529.00","67,581,587,131,382.00","65,286,245,628,524.00","62,024,705,048,429.00","60,325,276,051,932.00","62,112,676,348,644.00","60,524,394,513,231.00","50,741,161,416,448.00","51,655,408,644,948.00","55,127,101,516,155.00","56,295,551,150,306.00","55,601,299,353,620.00","53,696,643,591,424.00","48,244,877,999,621.00","46,980,501,050,598.00","44,474,278,409,818.00","41,749,437,163,498.00","37,757,456,671,158.00","35,912,808,663,756.00","34,416,668,788,926.00","33,658,743,016,242.00","32,276,824,464,760.00","30,375,757,072,964.00","28,748,321,092,475.00","29,725,930,367,404.00","28,080,868,938,813.00","26,286,145,538,324.00","25,010,919,853,656.00","25,025,223,303,861.00","29,693,707,116,780.00","28,045,803,928,968.00","28,003,927,389,472.00","29,912,454,208,197.00","26,397,927,533,364.00","25,344,504,982,890.00","24,695,453,363,506.00","25,983,204,620,721.00","23,677,161,552,011.00","22,581,606,338,389.00","22,206,060,192,447.00"
        Tăng trưởng Tổng tài sản,19.37%,8.80%,7.87%,22.24%,16.78%,12.67%,7.51%,-8.74%,-3.80%,14.27%,19.83%,25.02%,28.62%,27.78%,30.82%,29.22%,24.04%,16.98%,18.23%,19.72%,13.23%,14.94%,15.56%,14.94%,18.78%,-5.43%,-6.27%,-10.69%,-16.34%,12.48%,10.66%,13.40%,15.12%,11.49%,12.24%,11.21%,14.67%,18.71%,27.10%,27.28%
    Tài sản ngắn hạn,"45,475,495,956,466.00","42,605,105,704,316.00","40,835,231,143,696.00","37,679,149,034,489.00","36,709,543,350,385.00","39,531,943,273,981.00","38,758,427,341,944.00","29,524,492,711,606.00","30,933,924,692,832.00","35,269,474,823,622.00","37,159,706,261,301.00","36,617,350,544,580.00","35,116,784,160,545.00","30,655,506,375,345.00","29,634,333,850,918.00","27,905,525,240,833.00","25,608,346,381,474.00","22,473,334,313,473.00","20,974,738,294,596.00","19,577,485,114,151.00","19,038,081,282,518.00","18,431,909,603,327.00","17,849,605,068,190.00","16,918,516,176,002.00","18,373,436,282,760.00","17,461,655,201,328.00","16,757,931,160,407.00","15,891,378,282,225.00","16,053,004,009,331.00","21,767,021,262,664.00","20,220,919,501,796.00","20,264,901,139,315.00","22,082,043,377,930.00","18,913,791,763,597.00","17,801,376,676,329.00","17,461,658,575,148.00","19,209,379,831,470.00","16,827,486,019,097.00","16,240,764,508,172.00","16,319,850,549,250.00"
        Tăng trưởng tài sản ngắn hạn,23.88%,7.77%,5.36%,27.62%,18.67%,12.09%,4.30%,-19.37%,-11.91%,15.05%,25.39%,31.22%,37.13%,36.41%,41.29%,42.54%,34.51%,21.93%,17.51%,15.72%,3.62%,5.56%,6.51%,6.46%,14.45%,-19.78%,-17.13%,-21.58%,-27.30%,15.09%,13.59%,16.05%,14.95%,12.40%,9.61%,7.00%,13.25%,13.34%,27.58%,28.82%
    Tài sản dài hạn,"26,537,742,279,063.00","24,976,481,427,066.00","24,451,014,484,828.00","24,345,556,013,940.00","23,615,732,701,547.00","22,580,733,074,663.00","21,765,967,171,287.00","21,216,668,704,842.00","20,721,483,952,116.00","19,857,626,692,533.00","19,135,844,889,005.00","18,983,948,809,040.00","18,579,859,430,879.00","17,589,371,624,276.00","17,346,167,199,680.00","16,568,753,168,985.00","16,141,090,782,024.00","15,284,122,357,685.00","14,938,070,369,160.00","14,839,183,674,775.00","14,620,661,733,724.00","13,844,914,861,433.00","12,526,152,004,774.00","11,829,804,916,473.00","11,352,494,084,644.00","10,619,213,737,485.00","9,528,214,377,917.00","9,119,541,571,431.00","8,972,219,294,530.00","7,926,685,854,116.00","7,824,884,427,172.00","7,739,026,250,157.00","7,830,410,830,267.00","7,484,135,769,767.00","7,543,128,306,561.00","7,233,794,788,358.00","6,773,824,789,251.00","6,849,675,532,914.00","6,340,841,830,217.00","5,886,209,643,197.00"
        Tăng trưởng tài sản dài hạn,12.37%,10.61%,12.34%,14.75%,13.97%,13.71%,13.74%,11.76%,11.53%,12.90%,10.32%,14.58%,15.11%,15.08%,16.12%,11.66%,10.40%,10.40%,19.26%,25.44%,28.79%,30.38%,31.46%,29.72%,26.53%,33.97%,21.77%,17.84%,14.58%,5.91%,3.74%,6.98%,15.60%,9.26%,18.96%,22.89%,18.89%,34.35%,25.88%,23.20%
    Nợ ngắn hạn,"34,780,312,270,522.00","30,969,636,903,539.00","31,353,291,224,627.00","29,033,182,945,777.00","29,667,280,422,306.00","33,050,415,339,821.00","31,286,939,836,444.00","23,043,504,756,733.00","24,534,231,146,586.00","28,697,860,823,948.00","30,416,062,290,247.00","30,137,625,429,078.00","29,811,587,201,351.00","25,891,181,819,535.00","24,989,658,347,910.00","22,968,032,691,682.00","22,382,164,623,421.00","18,551,811,881,772.00","16,991,794,634,833.00","15,838,154,515,551.00","16,291,312,998,786.00","15,404,437,564,853.00","14,116,094,162,443.00","12,709,176,054,673.00","14,432,174,582,903.00","13,360,081,506,284.00","11,901,667,720,854.00","10,523,957,829,819.00","11,129,329,088,689.00","15,768,899,724,110.00","14,738,301,728,092.00","14,835,525,527,653.00","17,471,939,662,823.00","14,346,984,961,480.00","13,305,699,676,988.00","12,948,092,792,816.00","14,804,950,680,266.00","13,006,055,040,834.00","12,339,405,503,283.00","11,843,484,471,978.00"
        Tăng trưởng nợ ngắn hạn,17.23%,-6.30%,0.21%,25.99%,20.92%,15.17%,2.86%,-23.54%,-17.70%,10.84%,21.71%,31.22%,33.19%,39.56%,47.07%,45.02%,37.39%,20.43%,20.37%,24.62%,12.88%,15.30%,18.61%,20.76%,29.68%,-15.28%,-19.25%,-29.06%,-36.30%,9.91%,10.77%,14.58%,18.01%,10.31%,7.83%,9.33%,13.34%,21.89%,43.47%,40.78%
        Vay và nợ thuê tài chính ngắn hạn,"14,446,238,451,323.00","14,167,809,581,083.00","16,024,050,830,233.00","15,984,086,694,338.00","13,837,894,474,107.00","18,937,892,531,470.00","19,307,278,156,994.00","12,043,373,564,413.00","10,904,344,845,014.00","16,248,169,308,008.00","19,720,103,859,650.00","20,476,429,866,972.00","17,799,441,187,777.00","15,943,319,237,854.00","15,361,627,338,629.00","14,804,786,460,957.00","12,062,410,192,740.00","10,256,051,493,688.00","9,571,890,414,760.00","9,110,750,395,492.00","7,515,958,654,008.00","8,217,017,165,227.00","7,273,258,811,787.00","6,585,118,717,633.00","6,603,319,589,348.00","6,716,837,131,564.00","5,971,944,040,829.00","4,993,557,964,115.00","4,116,988,708,324.00","7,916,804,619,692.00","7,887,844,050,852.00","8,894,176,678,529.00","9,175,453,147,807.00","7,732,115,769,330.00","7,461,561,358,475.00","7,381,113,092,311.00","8,124,598,534,499.00","7,123,584,157,075.00","6,203,353,547,591.00","6,745,213,941,326.00"
            Tăng trưởng vay và nợ thuê tài chính ngắn hạn,4.40%,-25.19%,-17.01%,32.72%,26.90%,16.55%,-2.09%,-41.18%,-38.74%,1.91%,28.37%,38.31%,47.56%,55.45%,60.49%,62.50%,60.49%,24.81%,31.60%,38.35%,13.82%,22.33%,21.79%,31.87%,60.39%,-15.16%,-24.29%,-43.86%,-55.13%,2.39%,5.71%,20.50%,12.93%,8.54%,20.28%,9.43%,20.86%,38.60%,61.08%,53.72%
    Nợ dài hạn,"1,436,299,546,037.00","1,247,766,001,418.00","1,196,511,155,588.00","1,264,421,071,488.00","709,640,675,212.00","656,605,379,125.00","642,126,793,723.00","636,477,445,725.00","1,778,196,752,621.00","2,373,472,362,591.00","2,467,815,712,684.00","2,504,272,082,956.00","2,464,879,747,669.00","2,029,562,969,654.00","1,933,314,509,743.00","1,775,945,290,314.00","764,559,047,657.00","1,024,243,783,717.00","1,017,288,035,899.00","947,824,795,904.00","492,617,960,249.00","621,256,515,747.00","454,227,047,873.00","506,381,843,684.00","530,946,393,936.00","555,978,690,573.00","498,908,528,396.00","587,125,681,879.00","660,955,923,353.00","891,020,914,323.00","1,157,276,470,811.00","1,187,924,745,410.00","992,503,940,259.00","1,087,653,567,278.00","1,128,412,481,633.00","1,104,289,940,442.00","1,000,017,015,289.00","698,935,899,162.00","317,988,405,822.00","519,083,313,646.00"
        Tăng trưởng Nợ dài hạn,102.40%,90.03%,86.34%,98.66%,-60.09%,-72.34%,-73.98%,-74.58%,-27.86%,16.94%,27.65%,41.01%,222.39%,98.15%,90.05%,87.37%,55.20%,64.87%,123.96%,87.18%,-7.22%,11.74%,-8.96%,-13.75%,-19.67%,-37.60%,-56.89%,-50.58%,-33.41%,-18.08%,2.56%,7.57%,-0.75%,55.62%,254.86%,112.74%,192.12%,120.36%,11.78%,74.63%
    Vốn chủ sở hữu,"35,796,626,418,970.00","35,364,184,226,425.00","32,736,443,248,309.00","31,727,101,031,164.00","29,948,354,954,414.00","28,405,655,629,698.00","28,595,327,883,064.00","27,061,179,213,990.00","25,342,980,745,741.00","24,055,768,329,616.00","23,411,673,147,375.00","22,959,401,841,586.00","21,420,176,642,404.00","20,324,133,210,432.00","20,057,528,192,945.00","19,730,300,427,822.00","18,602,713,492,420.00","18,181,401,005,669.00","17,903,725,993,024.00","17,630,689,477,471.00","16,874,812,057,207.00","16,251,130,384,160.00","15,805,435,862,648.00","15,532,763,194,118.00","14,762,809,390,565.00","14,164,808,741,956.00","13,885,569,289,074.00","13,899,836,341,958.00","13,234,938,291,819.00","13,033,786,478,347.00","12,150,225,730,065.00","11,980,477,116,409.00","11,448,010,605,115.00","10,963,289,004,606.00","10,910,392,824,269.00","10,643,070,630,248.00","10,178,236,925,166.00","9,972,170,612,015.00","9,924,212,429,284.00","8,380,860,246,563.00"
        Tăng trưởng vốn chủ sở hữu,19.53%,24.50%,14.48%,17.24%,18.17%,18.08%,22.14%,17.87%,18.31%,18.36%,16.72%,16.37%,15.15%,11.79%,12.03%,11.91%,10.24%,11.88%,13.28%,13.51%,14.31%,14.73%,13.83%,11.75%,11.54%,8.68%,14.28%,16.02%,15.61%,18.89%,11.36%,12.57%,12.48%,9.94%,9.94%,26.99%,28.68%,30.72%,30.79%,10.65%
    Vốn góp cổ phần,"14,710,691,830,000.00","14,604,480,660,000.00","14,604,480,660,000.00","12,699,688,750,000.00","12,699,688,750,000.00","12,699,688,750,000.00","11,043,316,220,000.00","10,970,265,720,000.00","10,970,265,720,000.00","10,970,265,720,000.00","10,970,265,720,000.00","9,075,516,490,000.00","9,075,516,490,000.00","9,075,516,490,000.00","9,075,516,490,000.00","7,839,874,860,000.00","7,839,874,860,000.00","7,839,874,860,000.00","7,839,874,860,000.00","6,817,504,780,000.00","6,783,586,880,000.00","6,783,586,880,000.00","6,783,586,880,000.00","6,136,367,720,000.00","6,136,367,720,000.00","6,136,367,720,000.00","6,136,367,720,000.00","5,309,611,050,000.00","5,309,611,050,000.00","5,309,611,050,000.00","5,309,611,050,000.00","4,594,266,840,000.00","4,594,266,840,000.00","4,594,266,840,000.00","4,594,266,840,000.00","3,975,316,400,000.00","3,975,316,400,000.00","3,975,316,400,000.00","3,975,316,400,000.00","3,439,766,000,000.00"
        Tăng trưởng vốn góp cổ phần,15.84%,15.00%,32.25%,15.76%,15.76%,15.76%,0.67%,20.88%,20.88%,20.88%,20.88%,15.76%,15.76%,15.76%,15.76%,15.00%,15.57%,15.57%,15.57%,11.10%,10.55%,10.55%,10.55%,15.57%,15.57%,15.57%,15.57%,15.57%,15.57%,15.57%,15.57%,15.57%,15.57%,15.57%,15.57%,15.57%,15.57%,15.57%,15.57%,24.99%
    P/E,26.89,27.02,24.72,20.59,19.32,18.65,16.18,16.68,15.61,18.96,21.11,19.31,21.79,22.06,18.29,16.53,12.77,11.26,11.24,11.79,12.24,12.09,11.06,10.37,8.10,8.52,10.06,10.92,13.17,12.50,10.79,10.45,9.95,10.23,10.21,9.81,11.14,10.69,10.41,10.22
    P/B,6.78,7.02,6.24,5.33,4.98,4.49,3.96,4.20,4.11,4.76,5.13,4.66,5.15,5.02,4.06,3.71,2.81,2.52,2.48,2.63,2.85,2.66,2.31,2.18,2.22,2.25,2.55,2.80,2.69,2.57,2.23,2.18,2.19,2.16,2.12,2.20,2.27,2.17,2.10,2.10
    EV/EBITDA,,13.73,12.43,9.97,9.45,9.16,8.02,8.02,7.71,9.43,10.61,9.17,10.42,10.49,8.75,7.58,5.71,5.15,5.38,5.43,6.07,5.82,5.22,4.68,4.00,4.07,4.86,5.09,6.04,5.77,5.32,4.91,4.91,5.46,5.59,5.58,6.30,5.90,5.89,5.49
    EPS (VNĐ/CP),"1,418.69","1,419.96","1,283.96","1,231.15","1,360.98","1,369.59","1,188.39","1,176.05","1,232.06","1,325.14","1,140.19","1,129.31","1,434.10","1,239.42","1,102.00",998.54,"1,245.50","1,184.95","1,120.94",953.06,"1,110.85","1,415.51","1,167.23",923.38,"1,275.43","1,181.51",968.59,829.61,"2,660.84","1,097.50",963.85,777.77,"1,432.15","1,018.43","1,123.35",752.57,"1,658.23",978.90,"1,148.91","1,068.47"
        Tăng trưởng EPS,4.24%,3.68%,8.04%,4.69%,10.46%,3.35%,4.23%,4.14%,-14.09%,6.92%,3.47%,13.10%,15.14%,4.60%,-1.69%,4.77%,12.12%,-16.29%,-3.97%,3.21%,-12.90%,19.81%,20.51%,11.30%,-52.07%,7.65%,0.49%,6.67%,85.79%,7.76%,-14.20%,3.35%,-13.63%,4.04%,-2.22%,-29.57%,26.57%,-13.48%,-7.60%,1.64%
    Giá trị sổ sách (VNĐ/CP),"20,300.16","20,184.50","18,820.48","18,374.07","19,677.77","18,609.97","19,016.73","17,786.73","19,172.15","18,135.65","17,829.49","17,487.07","19,770.51","18,713.57","18,498.56","18,334.38","19,950.91","19,215.08","19,083.02","18,803.61","20,596.13","20,021.08","19,627.78","19,297.37","20,208.49","19,350.32","19,169.74","19,469.63","21,414.88","20,024.40","18,848.12","18,744.25","20,633.06","19,720.79","19,745.69","19,451.37","21,495.41","21,222.02","21,346.30","21,086.62"
    Biên lợi nhuận gộp,36.80%,38.73%,37.07%,39.10%,38.34%,39.94%,37.12%,39.10%,40.19%,39.10%,38.06%,40.63%,38.25%,37.26%,39.81%,38.15%,40.05%,39.70%,38.99%,39.58%,37.82%,39.17%,37.77%,40.22%,36.98%,38.03%,36.55%,39.06%,22.81%,22.30%,24.45%,22.04%,22.48%,22.72%,21.58%,19.92%,20.66%,20.10%,19.32%,19.55%
    Biên EBIT,17.57%,19.10%,18.49%,18.96%,17.98%,19.58%,19.47%,19.42%,16.45%,19.68%,20.15%,19.78%,17.74%,20.16%,19.26%,19.73%,17.84%,19.48%,19.87%,18.73%,15.74%,20.68%,18.33%,18.23%,17.11%,18.43%,17.56%,17.41%,16.09%,8.93%,8.88%,8.03%,8.91%,8.80%,8.95%,7.40%,9.45%,7.07%,8.26%,7.94%
    Biên EBITDA,21.37%,23.15%,22.63%,23.34%,22.59%,23.63%,23.81%,23.79%,20.28%,23.77%,24.59%,24.20%,22.02%,24.89%,23.73%,24.82%,22.32%,24.41%,25.15%,24.19%,20.00%,25.56%,23.21%,23.85%,21.33%,23.58%,22.79%,23.18%,18.46%,11.26%,11.40%,10.59%,10.98%,11.44%,11.30%,9.85%,12.06%,8.26%,10.22%,9.82%
    Biên lợi nhuận ròng,14.16%,15.59%,15.01%,15.33%,13.96%,15.08%,14.86%,15.49%,12.42%,15.75%,15.47%,15.81%,14.57%,15.75%,14.58%,15.17%,14.45%,15.21%,15.53%,14.13%,11.97%,16.32%,14.45%,14.01%,13.33%,14.75%,13.87%,13.74%,12.54%,6.87%,6.74%,5.74%,6.71%,6.84%,7.03%,5.27%,7.47%,5.45%,6.33%,6.33%
    ROE LTM,28.66%,28.16%,27.96%,27.70%,28.19%,28.06%,27.08%,26.98%,27.70%,28.91%,27.76%,26.86%,26.71%,26.17%,25.35%,24.82%,24.93%,24.06%,24.64%,24.45%,24.73%,25.42%,24.23%,22.90%,23.06%,28.45%,28.60%,28.09%,28.54%,23.22%,23.50%,23.60%,23.82%,24.12%,22.81%,24.57%,26.95%,24.89%,24.84%,26.85%
    ROA LTM,14.24%,13.84%,13.63%,14.44%,13.92%,12.56%,12.05%,12.69%,12.29%,12.41%,11.69%,11.46%,11.20%,11.71%,11.61%,11.75%,11.73%,11.83%,12.53%,12.84%,12.34%,12.81%,12.70%,12.54%,11.79%,13.39%,13.70%,13.71%,12.82%,9.94%,10.15%,10.13%,9.22%,10.08%,9.92%,9.97%,10.02%,10.04%,10.78%,10.80%
    Vòng quay tài sản (vòng),0.25,0.24,0.24,0.23,0.24,0.22,0.22,0.23,0.24,0.20,0.18,0.18,0.21,0.18,0.19,0.18,0.22,0.21,0.20,0.19,0.25,0.23,0.23,0.19,0.24,0.22,0.21,0.19,0.46,0.38,0.35,0.33,0.44,0.38,0.36,0.33,0.42,0.41,0.42,0.39
    Hiệu suất sử dụng tài sản cố định,0.64,0.59,0.59,0.56,0.60,0.59,0.56,0.54,0.62,0.56,0.53,0.52,0.62,0.55,0.56,0.50,0.60,0.55,0.52,0.50,0.62,0.57,0.57,0.49,0.64,0.60,0.56,0.50,1.37,1.25,1.15,1.07,1.45,1.18,1.12,1.10,1.41,1.36,1.44,1.43
    Số ngày thu tiền khách hàng (ngày),233.34,255.62,250.56,251.42,232.80,237.21,250.05,263.01,220.32,233.32,247.70,253.91,217.87,256.80,250.39,283.68,245.47,266.94,295.11,326.56,269.72,302.03,293.72,354.07,276.98,279.20,301.15,373.09,164.26,195.57,193.38,206.72,157.25,181.16,177.03,190.32,159.04,167.12,169.77,183.64
    Số ngày xử lý hàng tồn kho (ngày),63.87,73.84,71.14,73.36,67.51,83.59,95.63,103.93,97.18,118.16,118.18,105.81,95.60,126.84,122.38,113.91,90.82,104.02,107.58,113.61,97.93,123.89,127.78,151.20,120.21,137.66,129.11,137.64,102.11,185.91,218.89,232.83,170.83,221.72,254.13,279.05,220.51,228.90,233.93,247.04
    Số ngày phải trả nhà cung cấp (ngày),141.75,143.22,148.99,149.89,126.78,139.97,152.05,179.24,171.20,182.90,186.19,213.97,178.89,223.98,241.91,248.97,204.02,196.54,206.67,249.00,197.78,212.11,214.06,285.52,226.63,229.59,234.52,323.04,127.94,160.99,156.76,184.38,154.08,160.19,155.95,168.35,144.00,172.50,167.42,171.02
    Vòng quay tiền mặt (ngày),155.46,186.24,172.72,174.90,173.54,180.83,193.62,187.71,146.30,168.59,179.69,145.74,134.58,159.66,130.87,148.62,132.28,174.41,196.02,191.18,169.87,213.81,207.43,219.75,170.57,187.27,195.74,187.69,138.43,220.50,255.50,255.16,173.99,242.69,275.21,301.03,235.55,223.52,236.29,259.66
    Nợ phải trả / Vốn chủ sở hữu,101.17%,91.10%,99.43%,95.49%,101.43%,118.66%,111.66%,87.51%,103.83%,129.16%,140.46%,142.17%,150.68%,137.38%,134.23%,125.41%,124.43%,107.67%,100.59%,95.21%,99.46%,98.61%,92.19%,85.08%,101.36%,98.24%,89.31%,79.94%,89.08%,127.82%,130.83%,133.75%,161.29%,140.78%,132.30%,132.03%,155.28%,137.43%,127.54%,147.51%
"    Vay và nợ thuê tài chính ngắn hạn, dài hạn / Vốn chủ sở hữu",41.76%,41.41%,50.41%,52.04%,46.90%,67.28%,68.27%,45.66%,48.86%,76.20%,93.38%,98.89%,93.82%,87.39%,85.56%,83.52%,68.49%,60.55%,57.95%,56.09%,46.61%,53.24%,47.78%,44.63%,47.21%,49.55%,45.92%,39.46%,35.38%,65.85%,72.88%,82.74%,86.82%,77.80%,76.22%,76.79%,86.52%,76.64%,63.89%,82.53%
    Nợ vay ròng / Vốn chủ sở hữu,-45.13%,-36.00%,-31.31%,-25.41%,-34.52%,-26.97%,-25.06%,-17.72%,-27.99%,-24.09%,-20.84%,-16.23%,-28.26%,-18.40%,-16.70%,-13.89%,-23.55%,-18.09%,-14.68%,-5.36%,-14.04%,-5.43%,-9.00%,-9.49%,-17.10%,-14.33%,-18.36%,-17.19%,-24.01%,-0.91%,7.54%,13.93%,3.78%,8.63%,15.62%,23.67%,25.17%,27.22%,21.22%,24.13%
    Tổng tài sản / Vốn chủ sở hữu,2.01,2.03,2.05,1.92,2.03,2.23,2.25,2.13,2.25,2.33,2.38,2.34,2.38,2.23,2.18,2.11,2.13,2.03,1.97,1.90,2.00,1.98,1.91,1.83,1.96,2.12,2.09,2.05,2.23,2.34,2.32,2.33,2.58,2.39,2.30,2.47,2.69,2.48,2.30,2.49
    Khả năng thanh toán tổng quát,1.99,2.10,2.01,2.05,1.99,1.84,1.90,2.14,1.96,1.77,1.71,1.70,1.66,1.73,1.74,1.80,1.80,1.93,1.99,2.05,2.01,2.01,2.08,2.18,1.99,2.02,2.12,2.25,2.12,1.78,1.76,1.75,1.62,1.71,1.76,1.76,1.64,1.73,1.78,1.80
    Khả năng thanh toán nhanh,1.25,1.31,1.24,1.23,1.18,1.14,1.17,1.19,1.18,1.15,1.15,1.15,1.13,1.11,1.11,1.14,1.09,1.14,1.16,1.16,1.09,1.10,1.16,1.22,1.18,1.19,1.30,1.40,1.35,1.10,1.09,1.04,1.00,1.01,0.99,0.96,0.94,0.93,0.93,0.97
    Khả năng thanh toán tức thời,0.89,0.88,0.85,0.85,0.82,0.81,0.85,0.74,0.79,0.84,0.88,0.88,0.88,0.83,0.82,0.84,0.76,0.77,0.77,0.68,0.63,0.62,0.64,0.66,0.66,0.68,0.75,0.75,0.71,0.55,0.54,0.56,0.54,0.53,0.50,0.44,0.42,0.38,0.34,0.41
    Khả năng thanh toán lãi vay,27.90,28.58,22.98,23.86,16.06,12.24,14.00,18.78,16.90,15.91,14.04,16.15,17.07,18.07,16.47,18.86,19.63,21.49,17.32,16.10,13.45,18.06,21.88,18.59,19.83,22.94,22.64,23.73,32.75,14.33,11.32,8.83,13.28,10.70,9.44,13.07,11.98,14.36,14.53,20.78
    Vốn hóa (Tỷ đồng),"206,391,006,374,900.00","221,248,805,123,200.00","196,430,264,877,000.00","198,766,981,782,600.00","142,998,495,325,000.00","120,266,052,462,500.00","122,424,999,550,000.00","95,629,596,784,500.00","86,884,504,502,400.00","84,141,938,072,400.00","80,082,939,756,000.00","93,356,961,277,200.00","100,828,988,203,900.00","78,503,217,638,500.00","87,298,544,062,600.00","84,576,136,243,600.00","65,496,534,874,000.00","52,521,642,370,000.00","41,390,189,808,000.00","34,922,972,650,500.00","34,560,572,771,400.00","38,322,611,628,000.00","39,204,370,833,600.00","32,421,607,713,600.00","30,553,600,081,800.00","26,505,549,907,200.00","25,155,730,236,000.00","26,566,905,346,800.00","30,411,397,245,000.00","33,976,238,656,000.00","26,650,112,195,800.00","25,774,162,292,950.00","21,443,209,493,100.00","20,532,690,567,600.00","20,027,411,828,800.00","18,833,116,628,000.00","19,412,594,119,800.00","18,640,370,481,600.00","20,468,637,096,000.00","18,799,350,187,200.00"
    Số lượng cổ phiếu lưu hành (Triệu CP),"1,471,069,183.00","1,471,069,183.00","1,460,448,066.00","1,460,448,066.00","1,269,968,875.00","1,269,968,875.00","1,269,968,875.00","1,269,981,365.00","1,097,026,572.00","1,097,026,572.00","1,097,026,572.00","1,097,026,572.00","907,551,649.00","907,551,649.00","907,469,273.00","907,469,273.00","789,114,878.00","783,905,110.00","783,905,110.00","783,905,110.00","681,668,102.00","678,276,312.00","678,276,312.00","678,276,312.00","616,621,596.00","613,554,396.00","613,554,396.00","613,554,396.00","533,533,285.00","530,878,729.00","530,878,729.00","530,878,729.00","461,640,678.00","459,344,308.00","459,344,308.00","459,344,308.00","399,436,093.00","397,449,264.00","397,449,264.00","397,449,264.00"